,No,Kode Baru,Nama Bahan Makanan,Air (g),Energi (Kal),Protein (g),Lemak (g),Karbohidrat (g),Serat (g),Abu (g),Kalsium (Ca) (mg),Fosfor (P) (mg),Besi (Fe) (mg),Natrium (Na) (mg),Kalium (Ka) (mg),Tembaga (Cu) (mg),Seng (Zn) (mg),Retinol (vit. A) (mcg),Î²-karoten (mcg),Karoten total (mcg),Thiamin (vit. B1) (mg),Riboflavin (vit. B2) (mg),Niasin (mg),Vitamin C (mg),BDD (%),Mentah/Olahan,Kelompok Makanan,Sumber TKPI 2019
0,3,DR001,Akar tonjong. segar,86.7,45,1.1,0.4,10.8,1.2,1.0,72.0,125.0,1.3,96.0,,0.02,0.2,,83.0,90.0,0.02,0.03,1.9,2.0,100.0,Tunggal,Sayur,KZGPI-1990
1,4,DR002,Ale.toge. segar,90.6,37,4.4,0.5,3.8,1.7,0.7,50.0,248.0,2.0,2.0,105.0,0.16,0.4,,,35.0,0.02,0.09,0.6,46.0,90.0,Tunggal,Sayur,KZGPI-1990
2,10,CP016,Ampas tahu. mentah,84.1,67,5.0,2.1,8.1,4.1,0.6,460.0,88.0,1.0,8.0,184.5,0.17,0.5,,,,0.06,0.02,0.1,,100.0,Olahan,Kacang,KZGPI-1990
3,15,DR004,Andewi. segar,91.8,226,1.6,0.2,5.3,4.1,1.1,33.0,66.0,1.0,29.0,414.6,0.13,1.0,,1.717,,0.14,0.09,0.5,10.0,80.0,Tunggal,Sayur,DABM-1964
4,18,DP023,Anyang. sayur,76.9,126,3.4,7.9,10.3,5.4,1.5,180.0,1.0,2.9,290.0,181.0,0.3,1.2,,3.263,,0.2,,,,100.0,Olahan,Sayur,KZGMI-2001
5,20,ER003,Apel malang. segar,85.9,57,0.5,0.4,12.8,0.8,0.3,9.0,18.0,0.6,4.0,175.4,110.16,,,26.0,2.24,0.05,0.03,0.1,5.0,88.0,Tunggal,Buah,KZGPI-1990
6,21,ER004,Apel. segar,84.1,58,0.3,0.4,14.9,2.6,0.3,6.0,10.0,0.3,2.0,130.0,124.2,0.3,,30.0,90.0,0.04,0.03,0.1,5.0,88.0,Tunggal,Buah,DABM-1964
7,24,DP024,Ares. sayur,77.7,113,0.9,7.2,11.2,4.7,3.0,63.0,5.0,1.5,1.413,,0.7,3.8,,6.0,,0.1,,0.5,,100.0,Olahan,Sayur,KZGMI-2001
8,25,BR001,Arrowroot. segar,73.5,102,1.0,0.2,24.1,1.7,1.2,28.0,35.0,1.7,36.0,626.6,0.2,0.8,,15.0,,0.06,0.1,2.3,2.0,100.0,Tunggal,Umbi,KZGPI-1990
9,26,DP025,Arwan sirsir,59.0,277,2.4,25.0,10.7,4.6,2.9,120.0,40.0,2.4,240.0,320.0,0.2,0.9,,1.578,,0.1,0.2,,11.0,100.0,Olahan,Sayur,KZGMI-2001
10,27,NR001,Asam arang coklat. segar,66.1,130,0.5,1.1,30.9,1.5,1.4,79.0,113.0,4.3,13.0,,,,,745.0,,0.01,0.2,,,,Tunggal,Bumbu,KZGPI-1990
11,28,NR002,Asam arang merah. segar,75.9,99,0.8,1.6,20.3,2.8,1.4,69.0,300.0,4.6,2.0,95.7,,0.1,,529.0,,0.01,0.34,1.6,,,Tunggal,Bumbu,KZGPI-1990
12,29,NR003,Asam kandis. kering,32.2,261,0.9,1.6,63.3,5.0,2.0,192.0,657.0,4.4,26.0,341.4,0.4,0.3,,0.2,,,,0.4,,100.0,Tunggal,Bumbu,KZGPI-1990
13,30,NR004,Asam kandis. segar,81.5,75,0.2,1.1,16.1,3.4,1.1,63.0,139.0,2.5,7.0,93.2,0.1,0.1,,41.0,,0.01,,0.1,,,Tunggal,Bumbu,KZGPI-1990
14,31,NR005,Asam masak pohon. segar,31.4,267,2.8,0.6,62.5,1.2,2.7,74.0,113.0,0.6,9.0,139.5,0.09,0.1,,9.0,30.0,0.34,0.04,0.7,2.0,48.0,Tunggal,Bumbu,DABM-1964
15,32,NR006,Asam payak. segar,65.1,135,0.8,0.4,32.1,10.0,1.6,60.0,39.0,5.7,0.2,,,,,,,,,,,,Tunggal,Bumbu,KZGPI-1990
16,33,DP022,Asinan Bogor. sayuran,78.0,98,3.9,2.6,14.8,0.5,0.7,314.0,17.0,1.2,483.0,,,,10.0,,146.0,0.28,,,5.0,100.0,Olahan,Sayur,KZGMS-1993
17,65,DR005,Bakung. segar,92.5,27,2.0,0.2,4.2,3.8,1.1,19.0,20.0,0.5,37.0,340.0,0.2,0.3,,1.08,,0.2,0.1,0.3,42.0,100.0,Tunggal,Sayur,KZGMI-2001
18,67,NP001,Balichong,59.9,152,13.2,0.8,22.9,1.5,3.6,380.0,210.0,2.9,120.0,310.0,0.8,1.1,34.0,,,0.01,0.08,0.2,,,Olahan,Bumbu,KZGMI-2001
19,68,DR006,Baligo. segar,96.1,15,0.4,0.2,3.0,0.4,0.3,19.0,19.0,0.4,2.0,131.1,0.02,0.6,,,,0.04,0.02,0.3,13.0,69.0,Tunggal,Sayur,DABM-1964
20,69,AP032,Bantal,52.3,190,3.3,0.3,43.5,3.4,0.6,9.0,,0.4,164.0,84.0,0.2,0.9,,,,0.27,0.02,3.6,,100.0,Olahan,Serealia,KZGMI-2001
21,73,BR002,Batatas gembili. segar,76.7,76,1.1,0.9,16.0,4.2,0.7,,40.0,0.2,10.0,200.0,0.2,0.3,,,,0.06,,0.9,,85.0,Tunggal,Umbi,KZGMI-2001
22,74,BP001,Batatas kelapa. ubi. bakar,73.2,110,1.4,1.1,23.4,4.5,0.7,1.0,46.0,0.2,12.0,230.0,0.2,0.3,,,,1.13,,,,85.0,Olahan,Umbi,KZGMI-2001
23,75,BP002,Batatas kelapa. ubi. kukus,75.7,92,1.2,0.3,21.0,4.1,1.8,,42.0,0.2,10.0,209.0,0.2,0.3,,,,0.28,,0.7,,100.0,Olahan,Umbi,KZGMI-2001
24,76,BR003,Batatas kelapa. ubi. segar,76.1,89,1.1,0.1,21.0,4.0,0.7,,40.0,0.2,20.0,340.0,0.1,0.2,,,,0.38,,0.9,,85.0,Tunggal,Umbi,KZGMI-2001
25,77,BP003,Batatas tali. ubi. rebus,53.2,182,2.4,0.4,42.2,9.2,1.8,1.0,80.0,0.3,20.0,402.0,0.3,0.6,,,,0.27,,1.3,,100.0,Olahan,Umbi,KZGMI-2001
26,78,DR007,Bawang bombay. segar,87.5,43,1.4,0.2,10.3,2.0,0.6,32.0,44.0,0.5,12.0,9.6,0.1,0.3,,788.0,50.0,0.03,0.21,0.4,9.0,94.0,Tunggal,Sayur,DABM-1964
27,79,NR007,Bawang merah. segar,88.0,46,1.5,0.3,9.2,1.7,1.0,36.0,40.0,0.8,7.0,178.6,0.06,0.2,,2.0,,0.03,0.04,0.2,2.0,90.0,Tunggal,Bumbu,DABM-1964
28,80,NR008,Bawang putih. segar,71.0,112,4.5,0.2,23.1,0.6,1.8,42.0,134.0,1.0,46.0,665.7,0.09,0.4,,,,0.22,0.07,0.3,15.0,88.0,Tunggal,Bumbu,DABM-1964
29,81,DR009,Bayam merah. segar,88.5,41,2.2,0.8,6.3,2.2,2.2,520.0,80.0,7.0,20.0,60.0,0.2,0.8,,7.325,,0.2,0.1,0.1,62.0,71.0,Tunggal,Sayur,KZGMI-2001
30,82,DP001,Bayam. kukus,90.7,30,1.3,0.7,5.8,1.2,1.6,239.0,35.0,5.7,15.0,431.0,0.1,0.3,,2.699,3.75,0.02,0.1,0.9,32.0,100.0,Olahan,Sayur,KZGPI-1990
31,83,DP002,Bayam. rebus,93.5,23,1.2,0.6,3.7,1.1,1.0,150.0,35.0,0.5,16.0,308.4,0.2,0.3,,3.282,2.864,0.02,0.1,0.9,19.0,100.0,Olahan,Sayur,KZGPI-1990
32,84,DR008,Bayam. segar,94.5,16,0.9,0.4,2.9,0.7,1.3,166.0,76.0,3.5,16.0,456.4,0.13,0.4,,2.699,2.293,0.04,0.1,1.0,41.0,71.0,Tunggal,Sayur,KZGPI-1990
33,89,DP026,Beberuk,89.1,65,1.1,5.2,3.5,3.1,1.1,179.0,72.0,8.3,53.0,427.0,0.4,0.2,,44.0,,0.3,,4.4,,100.0,Olahan,Sayur,KZGMI-2001
34,90,FP036,Beef burger,45.5,258,10.6,9.5,32.5,0.4,2.2,210.0,157.0,2.6,572.0,189.1,,,218.0,,7.58,0.95,,,,100.0,Olahan,Daging,KZGMS-1993
35,91,FP037,Beef teriyaki. masakan,65.1,151,8.6,3.1,22.3,0.3,0.9,142.0,62.0,2.3,377.0,,,,22.0,,400.0,0.53,,,,100.0,Olahan,Daging,KZGMS-1993
36,92,FP038,Beef yakiniku. masakan,67.7,132,9.8,1.1,20.7,0.3,0.8,302.0,67.0,2.0,409.0,,,,78.0,,700.0,0.62,,,,100.0,Olahan,Daging,KZGMS-1993
37,93,NP002,Bekasam,65.5,116,11.9,4.9,6.1,3.5,11.6,704.0,757.0,7.5,711.0,176.0,0.8,1.9,,,,,0.03,2.1,,,Olahan,Bumbu,KZGMI-2001
38,94,NP003,Bekasang,67.1,78,11.4,2.0,3.6,0.4,15.9,54.0,97.0,2.6,4.016,121.0,0.2,4.8,,,,0.15,0.12,0.6,,,Olahan,Bumbu,KZGMI-2001
39,97,ER006,Belimbing. segar,90.0,36,0.4,0.4,8.8,3.3,0.4,4.0,12.0,1.1,4.0,130.0,,0.1,,29.0,170.0,0.03,,,35.0,86.0,Tunggal,Buah,DABM-1964
40,98,BP004,Belitung. talas. kukus,63.1,145,1.2,0.4,34.2,1.0,1.1,21.0,48.0,0.9,7.0,552.6,0.2,0.9,,,,0.08,0.1,2.3,1.0,100.0,Olahan,Umbi,KZGPI-1990
41,99,BR004,Belitung. talas. segar,63.1,145,1.2,0.4,34.2,1.5,1.1,26.0,54.0,1.4,6.0,536.1,0.2,0.9,,,,0.1,0.1,2.3,2.0,85.0,Tunggal,Umbi,KZGPI-1990
42,103,BR005,Bengkuang. segar,85.1,59,1.4,0.2,12.8,1.0,0.5,15.0,18.0,0.6,2.0,244.3,0.1,0.3,,,,0.04,0.1,0.2,20.0,84.0,Tunggal,Umbi,DABM-1964
43,106,BP019,Beras Cerdas,11.3,350,2.7,1.1,82.3,6.2,2.6,28.0,351.0,2.9,358.0,568.0,0.2,0.9,,0.4,,0.02,0.2,0.3,0.2,100.0,Olahan,Umbi,BKP
44,107,BP020,Beras ganyong,9.3,364,3.4,0.7,86.3,4.7,0.5,4.0,47.0,5.0,4.0,72.2,0.2,0.6,,1.0,0.1,0.02,0.02,0.3,0.2,100.0,Olahan,Umbi,BKP
45,108,AR002,Beras giling var pelita. mentah,11.4,369,9.5,1.4,77.1,0.4,0.6,68.0,171.0,1.4,34.0,,,,,,,0.26,,,,100.0,Tunggal,Serealia,KZGPI-1990
46,109,AR003,Beras giling var rojolele. mentah,12.0,357,8.4,1.7,77.1,0.2,0.8,147.0,81.0,1.8,34.0,112.9,0.14,0.1,,,80.0,0.2,0.02,1.5,,100.0,Tunggal,Serealia,KZGPI-1990
47,110,AR001,Beras giling. mentah,12.0,357,8.4,1.7,77.1,0.2,0.8,147.0,81.0,1.8,27.0,71.0,0.1,0.5,,,,0.2,0.08,2.6,,100.0,Tunggal,Serealia,KZGMI-2001
48,111,AR004,Beras hitam. mentah,12.9,351,8.0,1.3,76.9,20.1,0.9,6.0,198.0,0.1,15.0,105.0,0.1,1.6,,,,0.21,0.06,,,100.0,Tunggal,Serealia,KZGMI-2001
49,112,AR005,Beras jagung kuning. kering. mentah,10.8,358,5.5,0.1,82.7,10.0,0.9,20.0,90.0,1.4,1.0,80.0,0.1,4.1,,641.0,,0.12,0.08,1.0,3.0,100.0,Tunggal,Serealia,KZGMI-2001
50,113,AR006,Beras jagung putih. kering. mentah,22.5,307,4.8,0.1,71.8,10.0,0.8,17.0,78.0,1.2,1.0,70.0,0.1,3.5,,301.0,,0.15,0.07,0.9,,100.0,Tunggal,Serealia,KZGMI-2001
51,114,AR007,Beras ketan hitam tumbuk. mentah,13.7,360,8.0,2.3,74.5,1.0,1.5,10.0,347.0,6.2,11.0,288.0,0.28,2.2,,,,0.24,0.1,2.0,,100.0,Tunggal,Serealia,KZGPI-1990
52,115,AR008,Beras ketan putih tumbuk. mentah,12.9,361,7.4,0.8,78.4,0.4,0.5,13.0,157.0,3.4,3.0,282.0,0.28,2.2,,,,0.28,,1.4,,100.0,Tunggal,Serealia,KZGPI-1990
53,116,AR009,Beras ladang. mentah,9.8,376,7.5,3.8,78.0,5.9,0.9,20.0,110.0,0.8,10.0,70.0,0.1,1.4,,,,0.2,0.2,5.1,,100.0,Tunggal,Serealia,KZGMI-2001
54,117,AR010,Beras menir. mentah,12.0,362,7.7,4.4,73.0,0.2,0.2,22.0,272.0,3.7,90.0,201.0,0.1,0.5,,,,0.55,0.04,1.9,,100.0,Tunggal,Serealia,DABM-1964
55,118,AR011,Beras parboiled,10.0,353,6.8,0.6,80.0,0.5,2.5,5.0,142.0,0.8,2.0,46.0,0.28,1.0,,,,0.22,0.11,3.4,,100.0,Tunggal,Serealia,DABM-1964
56,119,BP021,Beras Siger,13.5,344,1.1,0.2,28.3,5.6,0.7,32.0,22.0,5.6,106.0,77.9,0.1,0.5,,,,0.02,0.1,0.2,0.2,100.0,Olahan,Umbi,BKP
57,120,AR013,Beras tumbuk merah. mentah,14.6,352,7.3,0.9,76.2,0.8,1.0,15.0,257.0,4.2,10.0,202.0,0.36,1.9,,,,0.34,0.05,3.3,,100.0,Tunggal,Serealia,KZGPI-1990
58,121,AR012,Beras tumbuk. mentah,11.5,354,7.8,0.4,79.9,3.8,0.4,3.0,112.0,0.6,5.0,85.0,0.5,1.5,,,,0.25,0.22,5.1,,100.0,Tunggal,Serealia,KZGMI-2001
59,124,AP008,Bihun Jagung. mentah,11.3,354,0.5,0.3,87.4,3.0,0.5,13.0,111.0,0.6,49.0,1.4,0.4,,,,,0.02,0.02,0.3,0.2,100.0,Olahan,Serealia,BKP
60,125,AP006,Bihun. mentah,12.9,348,4.7,0.1,82.1,1.2,0.2,6.0,35.0,1.8,12.0,5.0,0.08,0.7,,,,,,0.2,,100.0,Olahan,Serealia,DABM-1964
61,126,BP022,Biji nangka/Biji salak,40.5,262,2.3,5.4,51.1,8.0,0.7,60.0,80.0,0.8,10.0,2.0,0.6,2.0,,1.667,,0.1,1.0,,10.0,100.0,Olahan,Umbi,KZGMI-2001
62,129,AP029,Biskuit,2.2,458,6.9,14.4,75.1,2.1,1.4,62.0,87.0,2.7,241.0,20.3,0.16,0.6,,14.0,,0.09,0.15,1.4,,100.0,Olahan,Serealia,DABM-1964
63,130,DR010,Bit. segar,87.6,41,1.6,0.1,9.6,2.6,1.1,27.0,43.0,1.0,29.0,404.9,0.2,0.7,,,20.0,0.02,0.05,0.3,10.0,75.0,Tunggal,Sayur,DABM-1964
64,131,ER007,Biwah. segar,87.1,51,0.3,0.1,12.1,0.7,0.5,220.0,14.0,0.8,1.0,258.6,0.04,0.1,,,12.256,0.1,0.02,,4.0,66.0,Tunggal,Buah,KZGPI-1990
65,132,ER114,Blewah. segar,90.2,34,0.8,0.2,8.2,0.9,0.7,9.0,15.0,0.2,16.0,267.0,0.04,0.2,,2.029,,0.04,0.02,0.7,37.0,,Tunggal,Buah,TGMF-2006
66,135,NR009,Boros kunci. segar,90.0,40,1.0,0.8,7.2,1.0,1.0,50.0,50.0,2.0,33.0,480.0,0.02,0.3,,,5.0,0.08,0.68,1.7,50.0,80.0,Tunggal,Bumbu,DABM-1964
67,136,NR010,Boros laja (lengkuas). segar,93.0,26,1.0,0.3,4.7,1.1,1.0,50.0,50.0,2.0,24.0,137.1,0.07,0.3,,5.0,5.0,0.08,0.06,0.3,50.0,80.0,Tunggal,Bumbu,DABM-1964
68,144,DR011,Buah kelor,89.5,38,1.5,0.2,7.5,3.2,1.3,30.0,54.0,,48.0,216.0,,0.2,,31.0,,0.1,0.1,4.1,25.0,65.0,Tunggal,Sayur,KZGMI-2001
69,146,ER011,Buah mentega (Bisbul). segar,89.0,39,0.7,0.2,9.7,2.0,0.4,43.0,17.0,0.8,1.0,90.0,0.06,0.1,,141.0,55.0,0.02,0.01,0.1,33.0,50.0,Tunggal,Buah,DABM-1964
70,147,DR012,Buah merah,81.2,87,2.6,2.7,13.1,4.0,0.4,30.0,1.0,1.1,110.0,140.0,0.1,0.3,,,,1.5,0.1,0.2,15.0,100.0,Tunggal,Sayur,KZGMI-2001
71,148,ER012,Buah Naga Merah. segar,85.7,71,1.7,3.1,9.1,3.2,0.4,13.0,14.0,0.4,128.0,128.0,,0.4,,,,0.5,0.3,0.5,1.0,67.0,Tunggal,Buah,BKP
72,149,ER013,Buah Naga Putih. segar,86.6,56,0.8,1.0,10.9,3.2,0.6,13.0,27.0,0.5,231.0,231.0,,0.4,,,,0.02,0.5,0.9,1.0,74.0,Tunggal,Buah,BKP
73,150,ER014,Buah negri. segar,85.7,55,1.2,0.1,12.2,5.2,0.8,30.0,40.0,0.2,10.0,,0.1,0.3,,460.0,,0.33,0.03,0.1,9.0,48.0,Tunggal,Buah,KZGMI-2001
74,151,ER015,Buah nona. segar,71.5,101,1.7,0.6,25.2,2.8,1.0,27.0,20.0,0.8,5.0,312.5,325.7,0.1,,49.0,,0.08,0.16,0.9,22.0,58.0,Tunggal,Buah,DABM-1964
75,153,ER017,Buah rukam. segar,71.3,113,0.8,0.3,26.8,7.7,0.8,108.0,52.0,1.2,2.0,219.0,0.3,0.9,,17.0,,0.06,0.01,,20.0,100.0,Tunggal,Buah,KZGMI-2001
76,154,ER018,Buah ruruhi. segar,93.0,29,2.1,0.7,3.6,2.6,0.3,6.0,7.0,,36.0,45.0,,0.1,,7.0,,0.06,0.01,,10.0,82.0,Tunggal,Buah,KZGMI-2001
77,158,AP040,Bubur tinotuan (Manado),80.9,156,2.3,0.2,15.6,8.2,1.0,41.0,20.0,0.4,486.0,164.0,0.3,0.4,,1.437,,0.1,0.04,,15.0,100.0,Olahan,Serealia,KZGMI-2001
78,159,FP040,Bulgogi. masakan,84.2,72,11.4,4.9,1.4,1.7,0.7,214.0,86.0,2.5,509.0,,,,17.0,,,1.08,,,,100.0,Olahan,Daging,KZGMS-1993
79,160,DP003,Buncis. rebus,90.6,30,2.2,0.2,6.4,1.5,0.6,107.0,47.0,0.5,7.0,138.9,0.1,0.3,,1.0,402.0,0.01,0.29,2.0,8.0,100.0,Olahan,Sayur,KZGPI-1990
80,161,DR013,Buncis. segar,89.6,34,2.4,0.3,7.2,1.9,0.5,101.0,42.0,0.7,8.0,250.0,0.07,0.3,,772.0,550.0,0.05,0.4,2.8,11.0,90.0,Tunggal,Sayur,KZGPI-1990
81,162,DR014,Bunga pepaya. segar,87.3,45,2.6,0.3,8.1,1.6,1.7,290.0,113.0,4.2,2.0,478.3,0.08,0.8,,2.792,5.0,0.01,0.28,1.0,23.0,100.0,Tunggal,Sayur,KZGPI-1990
82,163,DR015,Bunga turi. segar,90.4,42,2.0,1.1,6.1,3.3,0.4,28.0,23.0,0.8,97.0,97.4,0.1,0.6,,1.0,0.1,0.5,0.02,0.4,1.0,96.0,Tunggal,Sayur,BKP
83,169,NR011,Cabai gembor merah. segar,90.8,38,1.6,0.8,6.3,1.6,0.6,49.0,41.0,1.1,7.0,275.3,0.12,0.2,,5.897,3.24,0.21,0.12,,16.0,89.0,Tunggal,Bumbu,KZGPI-1990
84,170,NR012,Cabai hijau. segar,93.4,26,0.7,0.3,5.2,2.6,0.4,14.0,23.0,0.4,7.0,151.0,0.08,0.2,,44.0,260.0,0.05,0.06,0.4,84.0,82.0,Tunggal,Bumbu,DABM-1964
85,171,NR013,Cabai merah. kering,10.0,367,15.9,6.2,61.8,26.9,6.1,160.0,370.0,2.3,25.0,181.5,1.2,1.8,,10.955,576.0,0.4,1.36,4.4,50.0,85.0,Tunggal,Bumbu,DABM-1964
86,172,NR014,Cabai merah. segar,90.9,36,1.0,0.3,7.3,1.4,0.5,29.0,24.0,0.5,23.0,272.4,0.12,0.2,,5.833,470.0,0.05,0.09,3.0,18.0,85.0,Tunggal,Bumbu,DABM-1964
87,173,NR015,Cabai rawit. segar,71.2,120,4.7,2.4,19.9,15.2,1.8,45.0,85.0,2.5,34.0,706.2,0.29,0.6,,1.694,11.05,0.24,0.09,1.7,70.0,85.0,Tunggal,Bumbu,DABM-1964
88,174,DR016,Caisin. segar,93.6,20,1.7,0.4,3.4,1.2,0.9,123.0,40.0,1.9,18.0,358.2,0.05,1.4,,1.675,4.188,0.04,0.19,0.6,3.0,100.0,Tunggal,Sayur,KZGPI-1990
89,177,DP029,Cammetutu,79.6,102,3.2,6.0,8.7,4.3,2.5,41.0,93.0,0.5,443.0,518.0,0.3,0.7,,1.123,,0.3,0.4,0.4,19.0,100.0,Olahan,Sayur,KZGMI-2001
90,179,AR014,Cantel. mentah,11.0,366,11.0,3.3,73.0,1.2,1.7,28.0,287.0,4.4,7.0,249.0,,,,,,0.09,0.14,2.8,,100.0,Tunggal,Serealia,DABM-1964
91,180,DP030,Cap cai. sayur,82.7,97,5.8,6.3,4.2,0.6,1.0,287.0,89.0,1.8,405.0,,,,45.0,,1.64,0.21,,,1.0,100.0,Olahan,Sayur,KZGMS-1993
92,183,ER021,Cempedak. segar,67.0,116,3.0,0.4,28.6,3.4,1.0,20.0,30.0,1.5,26.0,243.7,,,,79.0,200.0,,,0.5,15.0,30.0,Tunggal,Buah,DABM-1964
93,184,NR016,Cengkeh. kering,23.3,330,5.2,8.9,57.4,10.0,5.2,740.0,100.0,4.9,282.0,961.0,0.3,,,265.0,,200.0,,,,100.0,Tunggal,Bumbu,DABM-1964
94,186,FP041,Chicken teriyaki. masakan,68.2,168,13.0,9.6,7.5,0.8,1.7,137.0,106.0,3.1,959.0,,,,68.0,,2.2,0.65,,,,100.0,Olahan,Daging,KZGMS-1993
95,187,FP042,Chikiniku. masakan,65.4,143,9.8,1.4,22.8,0.4,0.6,301.0,63.0,2.0,531.0,,,,27.0,,1.28,0.73,,,,100.0,Olahan,Daging,KZGMS-1993
96,189,MP001,Coklat manis. batang,1.4,527,2.0,29.8,62.7,6.5,4.1,63.0,287.0,2.8,6.0,499.5,,0.0,,,30.0,0.03,0.02,,,100.0,Olahan,Gula,DABM-1964
97,190,MP002,Coklat pahit.batang,2.3,615,5.5,42.6,29.2,10.8,10.1,98.0,446.0,4.4,20.0,708.3,1.7,3.3,,2.0,60.0,0.05,0.08,1.0,,100.0,Olahan,Gula,DABM-1964
98,191,MP003,Coklat susu. batang,1.0,565,9.0,35.0,53.6,3.4,1.4,200.0,200.0,2.0,100.0,405.5,0.49,2.3,,54.0,30.0,0.08,0.45,0.5,,100.0,Olahan,Gula,DABM-1964
99,198,DR017,Daun bangun-bangun. segar,92.5,27,1.3,0.6,4.0,1.0,1.6,279.0,40.0,13.6,4.0,144.0,,,,1.489,13.288,0.16,0.1,,5.0,66.0,Tunggal,Sayur,KZGPI-1990
100,199,DR018,Daun bawang merah. segar,89.1,41,2.0,0.3,7.8,2.1,0.8,60.0,40.0,2.3,30.0,90.0,0.1,0.3,,218.0,,0.1,0.1,0.2,11.0,67.0,Tunggal,Sayur,KZGMI-2001
101,203,DR022,Daun gandaria. segar,81.0,63,3.1,0.3,14.0,2.1,1.6,40.0,45.0,4.7,3.0,127.7,,,,503.0,600.0,0.04,0.04,0.2,61.0,65.0,Tunggal,Sayur,DABM-1964
102,204,DR023,Daun gedi besar. segar,84.0,58,2.9,0.7,10.0,3.3,2.4,440.0,100.0,1.9,30.0,40.0,0.2,2.1,,596.0,,0.4,0.5,2.8,11.0,65.0,Tunggal,Sayur,KZGMI-2001
103,205,DR024,Daun gedi kecil. segar,83.7,61,3.2,0.7,10.4,3.4,2.0,420.0,70.0,1.7,20.0,50.0,0.1,1.4,,607.0,,0.4,0.3,2.9,11.0,65.0,Tunggal,Sayur,KZGMI-2001
104,206,DR025,Daun gelang. segar,90.3,30,1.3,0.7,5.8,1.3,1.9,350.0,210.0,11.9,5.0,333.3,0.31,1.2,,4.701,1.954,0.01,0.14,0.7,1.0,52.0,Tunggal,Sayur,KZGPI-1990
105,209,DR028,Daun jambu mete muda. segar,78.0,78,4.6,0.5,16.2,3.0,0.7,33.0,64.0,8.9,14.0,670.5,,,,4.484,2.689,0.02,1.12,1.1,65.0,65.0,Tunggal,Sayur,DABM-1964
106,211,DR030,Daun jawaw seluang. segar,77.2,93,5.0,1.3,15.3,3.9,1.2,146.0,103.0,5.3,2.0,434.0,0.5,1.5,,,,0.1,0.7,,9.0,,Tunggal,Sayur,KZGMI-2001
107,213,DR032,Daun kacang ma. segar,89.1,36,2.9,0.6,6.8,1.8,0.6,64.0,220.0,2.2,7.0,485.3,0.2,0.3,,2.893,4.377,0.04,0.18,1.2,4.0,33.0,Tunggal,Sayur,KZGPI-1990
108,214,DP004,Daun kacang panjang. kukus,87.2,40,3.7,0.3,8.0,1.8,0.8,111.0,66.0,3.7,6.0,419.5,0.2,0.3,,2.645,5.781,0.15,0.2,0.9,11.0,100.0,Olahan,Sayur,KZGPI-1990
109,215,DR033,Daun kacang panjang. segar,89.7,30,3.1,0.3,5.8,1.7,1.1,200.0,66.0,4.5,7.0,458.6,0.2,0.3,,2.734,4.592,0.33,0.2,1.1,30.0,65.0,Tunggal,Sayur,KZGPI-1990
110,216,DR034,Daun kasbi/singkong karet. segar,80.3,92,4.0,3.6,10.9,5.8,1.2,140.0,70.0,1.6,70.0,90.0,0.3,1.1,,4.046,,0.1,0.2,0.1,74.0,87.0,Tunggal,Sayur,KZGMI-2001
111,217,DP005,Daun katuk. rebus,83.3,53,5.3,0.9,9.1,1.2,1.4,185.0,102.0,3.1,16.0,291.3,0.3,1.3,,11.131,9.0,,0.3,2.2,66.0,100.0,Olahan,Sayur,KZGPI-1990
112,218,DR035,Daun katuk. segar,81.0,59,6.4,1.0,9.9,1.5,1.7,233.0,98.0,3.5,21.0,478.8,0.3,1.3,,9.152,10.02,,0.31,2.3,164.0,40.0,Tunggal,Sayur,KZGPI-1990
113,220,DR037,Daun kedondong. segar,81.0,59,3.5,0.3,13.4,10.7,1.8,540.0,82.0,6.2,12.0,579.0,,,,1.624,2.9,0.06,0.2,1.5,29.0,65.0,Tunggal,Sayur,DABM-1964
114,221,DP006,Daun kelor. rebus,80.3,61,6.1,0.9,10.0,0.9,2.6,255.0,36.0,2.1,45.0,181.2,0.1,0.6,,3.972,6.071,0.1,0.1,4.0,13.0,100.0,Olahan,Sayur,KZGPI-1990
115,222,DR038,Daun kelor. segar,75.5,92,5.1,1.6,14.3,8.2,3.5,1.077,76.0,6.0,61.0,298.0,0.1,0.6,,3.266,,0.3,0.1,4.2,22.0,65.0,Tunggal,Sayur,KZGMI-2001
116,223,DR039,Daun kemangi. segar,85.0,43,5.5,0.3,7.5,8.4,1.7,35.0,106.0,1.0,10.0,457.1,,,,1.282,1.017,0.06,0.1,1.2,30.0,65.0,Tunggal,Sayur,DABM-1964
117,224,DR040,Daun kenikir. segar,87.6,45,3.7,0.5,6.6,5.8,1.7,328.0,65.0,2.7,431.0,431.0,0.1,0.6,,30.0,12.0,0.5,0.3,4.5,0.2,36.0,Tunggal,Sayur,BKP
118,225,DR041,Daun kesum. segar,84.8,48,4.5,0.8,9.1,1.6,0.8,125.0,142.0,2.6,11.0,174.7,0.4,1.2,,4.216,8.715,0.01,0.1,1.6,4.0,53.0,Tunggal,Sayur,KZGPI-1990
119,226,DR042,Daun kol sawi. segar,93.1,22,2.1,0.5,3.6,0.9,0.7,200.0,92.0,3.2,19.0,386.2,0.1,0.2,,1.806,2.177,0.03,0.2,0.6,3.0,87.0,Tunggal,Sayur,KZGPI-1990
120,228,DR044,Daun kubis. segar,86.2,51,2.5,1.1,8.0,3.4,2.2,100.0,50.0,3.4,50.0,100.0,0.9,0.6,,3.612,,0.4,0.1,0.2,16.0,75.0,Tunggal,Sayur,KZGMI-2001
121,229,DR045,Daun kumak. segar,95.2,14,1.3,0.3,2.3,0.9,0.9,90.0,59.0,2.7,2.0,36.5,0.1,0.3,,1.274,2.961,0.01,,0.5,3.0,78.0,Tunggal,Sayur,KZGPI-1990
122,230,DR046,Daun labu siam. segar,89.7,34,4.0,0.4,4.7,3.5,1.2,58.0,70.0,2.5,16.0,630.7,0.2,0.3,,4.773,2.025,0.08,0.4,1.7,16.0,100.0,Tunggal,Sayur,DABM-1964
123,231,DR047,Daun labu waluh/kuning. segar,89.7,34,3.6,0.6,4.5,2.9,1.6,138.0,99.0,3.7,16.0,630.7,0.2,0.3,,1.258,2.75,0.14,0.2,1.3,36.0,70.0,Tunggal,Sayur,DABM-1964
124,232,DR048,Daun lamtoro. segar,74.0,87,8.3,1.8,14.4,3.3,1.5,725.0,174.0,3.9,10.0,197.7,0.5,1.4,,6.9,13.04,,0.1,2.3,32.0,40.0,Tunggal,Sayur,KZGPI-1990
125,233,DR049,Daun leilem. segar,79.4,76,2.8,0.2,15.8,3.1,1.8,296.0,22.0,3.4,6.0,46.0,0.5,1.1,,753.0,,0.3,0.1,2.5,22.0,90.0,Tunggal,Sayur,KZGMI-2001
126,235,DR051,Daun lobak. segar,90.0,30,2.3,0.4,5.8,3.2,1.4,140.0,33.0,3.7,16.0,747.4,0.2,0.2,,5.039,1.0,0.07,1.1,6.5,109.0,70.0,Tunggal,Sayur,DKBM-1964
127,236,DR052,Daun lompong talas. segar,87.2,44,3.0,0.8,7.4,3.3,1.6,76.0,59.0,1.0,3.0,578.4,0.2,0.4,,2.584,2.0,0.08,0.4,1.4,31.0,75.0,Tunggal,Sayur,DABM-1964
128,239,DR055,Daun melinjo. segar,70.8,104,5.0,1.3,21.3,10.3,1.6,219.0,82.0,4.2,12.0,604.8,0.4,0.6,,823.0,10.0,0.09,,,182.0,88.0,Tunggal,Sayur,DABM-1964
129,242,DR057,Daun ndusuk. segar,56.0,166,1.7,0.5,38.8,10.7,3.0,40.0,20.0,1.8,40.0,310.0,0.2,0.7,,14.457,,0.4,0.1,0.1,30.0,,Tunggal,Sayur,KZGMI-2001
130,243,DR058,Daun oyong. segar,93.0,22,1.0,0.1,5.3,2.0,0.6,21.0,44.0,2.0,40.0,295.5,0.1,0.2,,855.0,1.0,0.08,0.1,0.8,150.0,65.0,Tunggal,Sayur,DABM-1964
131,244,DR060,Daun pakis longgiho. segar,89.5,54,2.2,3.6,3.1,2.1,1.6,40.0,80.0,0.7,70.0,500.0,0.4,0.1,,168.0,,0.4,0.3,0.2,8.0,70.0,Tunggal,Sayur,KZGMI-2001
132,245,DR061,Daun pakis wambateu. segar,86.9,53,3.4,1.2,7.2,4.8,1.3,30.0,100.0,0.3,20.0,200.0,0.2,0.3,,191.0,,0.7,0.2,0.3,6.0,70.0,Tunggal,Sayur,KZGMI-2001
133,246,DR059,Daun pakis. segar,86.8,39,4.5,0.4,6.9,2.0,1.4,136.0,159.0,2.3,20.0,201.9,0.2,0.3,,1.625,3.292,0.02,0.1,0.5,3.0,70.0,Tunggal,Sayur,KZGPI-1990
134,247,DR062,Daun paku. segar,88.8,29,3.4,0.1,6.5,4.3,1.2,13.0,88.0,1.3,19.0,434.0,0.5,0.7,,18.0,,0.2,0.1,11.7,10.0,70.0,Tunggal,Sayur,KZGMI-2001
135,248,DR063,Daun pangi.segar,76.1,104,3.9,0.6,17.9,8.3,1.5,256.0,22.0,1.8,4.0,266.0,1.7,0.5,,55.0,,0.4,0.1,0.1,23.0,90.0,Tunggal,Sayur,KZGMI-2001
136,249,DR064,Daun pare. segar,87.3,49,2.7,1.0,8.4,3.0,1.6,217.0,70.0,3.3,7.0,498.0,0.4,1.2,,1.8,,0.4,0.2,0.6,7.0,,Tunggal,Sayur,KZGMI-2001
137,250,DR065,Daun pepaya. segar,75.4,87,8.0,2.0,11.9,1.5,2.7,353.0,63.0,0.8,4.0,926.6,0.2,1.5,,5.409,18.25,0.15,0.5,1.9,140.0,71.0,Tunggal,Sayur,DABM-1964
138,252,NR017,Daun salam. bubuk,13.1,301,14.2,10.9,49.0,9.4,12.8,86.0,250.0,44.1,180.0,619.0,1.31,0.7,,5.4,,0.1,0.32,5.0,,100.0,Tunggal,Bumbu,FCTEA-1972
139,253,DR067,Daun selasih. segar,83.1,62,4.0,0.5,10.5,5.3,1.9,122.0,16.0,13.9,3.0,259.0,0.4,0.7,,4.112,,0.5,0.1,0.2,24.0,53.0,Tunggal,Sayur,KZGMI-2001
140,254,DR068,Daun semanggi. segar,84.7,45,4.4,0.5,8.5,1.9,1.9,98.0,90.0,7.0,64.0,520.7,0.5,0.3,,64.0,3.365,0.01,0.5,0.7,6.0,90.0,Tunggal,Sayur,KZGPI-1990
141,257,DR072,Daun singkong ambon. segar,58.0,144,12.7,1.2,25.2,10.2,2.9,165.0,54.0,3.9,44.0,62.2,0.2,5.4,,8.627,13.0,0.21,1.0,4.2,220.0,87.0,Tunggal,Sayur,DABM-1964
142,258,DR073,Daun singkong ampenan. segar,84.4,50,6.2,1.1,7.1,2.4,1.2,352.0,123.0,2.7,49.0,570.0,0.2,1.3,,7.917,,0.5,0.1,1.6,103.0,87.0,Tunggal,Sayur,KZGMI-2001
143,259,DR074,Daun singkong kopang. segar,81.1,74,6.3,0.7,10.7,4.6,1.2,142.0,115.0,1.7,32.0,382.0,0.2,1.5,,3.882,,0.5,0.5,1.9,211.0,87.0,Tunggal,Sayur,KZGMI-2001
144,260,DP008,Daun singkong. rebus,90.5,31,3.7,0.6,4.8,1.6,0.4,160.0,50.0,2.6,13.0,14.0,0.1,2.0,,3.897,4.15,0.02,0.1,1.7,34.0,100.0,Olahan,Sayur,KZGPI-1990
145,261,DR071,Daun singkong. segar,84.4,50,6.2,1.1,7.1,2.4,1.2,166.0,99.0,1.3,17.0,23.1,0.1,2.0,,3.204,7.052,0.04,0.1,1.8,103.0,87.0,Tunggal,Sayur,KZGPI-1990
146,262,DR075,Daun sintrong. segar,88.5,36,2.6,0.9,6.1,1.7,1.9,398.0,95.0,9.3,64.0,444.4,0.1,0.4,,10.178,8.868,0.03,0.2,0.9,3.0,94.0,Tunggal,Sayur,KZGPI-1990
147,263,DP009,Daun talas. rebus,91.6,27,1.3,0.2,5.9,1.6,1.0,119.0,41.0,1.4,3.0,519.4,0.5,0.5,,4.641,2.682,,0.6,1.9,7.0,100.0,Olahan,Sayur,KZGPI-1990
148,264,DR076,Daun talas. segar,81.1,59,3.0,0.4,13.5,3.0,2.0,236.0,50.0,2.4,4.0,854.1,0.4,0.5,,3.816,5.74,0.07,0.6,2.0,24.0,80.0,Tunggal,Sayur,KZGPI-1990
149,265,DR077,Daun tespong. segar,81.0,70,2.9,0.3,13.9,2.3,1.9,155.0,65.0,2.5,72.0,,0.15,0.9,,171.0,2.5,0.05,0.7,1.4,21.0,60.0,Tunggal,Sayur,DABM-1964
150,266,DR078,Daun ubi kuning. segar,83.5,62,3.7,0.3,11.1,6.4,1.4,170.0,40.0,0.6,10.0,,0.2,0.5,,3.564,,0.3,0.3,1.2,4.0,75.0,Tunggal,Sayur,KZGMI-2001
151,267,DP010,Daun ubi merah. kukus,82.5,56,3.1,0.3,13.0,1.5,1.1,78.0,52.0,4.3,28.0,472.8,0.1,0.4,,5.277,5.397,,0.2,1.1,14.0,100.0,Olahan,Sayur,KZGPI-1990
152,268,DR079,Daun ubi merah. segar,84.4,48,3.0,0.3,10.8,1.4,1.5,80.0,81.0,6.4,33.0,517.3,,0.4,,5.453,4.697,0.1,0.2,1.2,27.0,75.0,Tunggal,Sayur,KZGPI-1990
153,269,DR080,Daun ubi putih. segar,87.5,46,2.8,0.2,8.2,4.8,1.3,120.0,50.0,0.8,10.0,,0.2,0.5,,103.0,,0.3,0.3,0.9,8.0,75.0,Tunggal,Sayur,KZGMI-2001
154,270,DR081,Daun ubi tinta. segar,85.1,55,1.7,0.1,11.9,7.6,1.2,120.0,40.0,0.6,10.0,,0.2,0.5,,516.0,,0.2,,,7.0,75.0,Tunggal,Sayur,KZGMI-2001
155,273,FP045,Djibokum. masakan,43.4,248,10.0,2.3,40.9,0.1,3.4,116.0,110.0,2.8,401.0,,,,52.0,,1.92,0.75,,,,100.0,Olahan,Daging,KZGMS-1993
156,275,CP023,Dodol banjarmasin,17.3,368,2.6,8.6,70.0,0.5,1.5,51.0,180.0,3.3,48.0,96.0,0.4,2.6,,,,0.04,0.07,2.3,,100.0,Olahan,Kacang,KZGMI-2001
157,276,AP044,Dodol galamai,16.5,348,0.4,3.8,76.1,0.5,1.2,41.0,144.0,2.6,38.0,76.0,0.3,2.1,,,,0.03,0.06,1.8,,100.0,Olahan,Serealia,KZGMI-2001
158,278,AP046,Dodol manado,26.1,373,4.3,16.5,51.9,0.4,1.2,41.0,142.0,2.4,35.0,72.0,0.3,2.1,,,,0.04,0.06,2.1,,100.0,Olahan,Serealia,KZGMI-2001
159,242,DR057,Daun ndusuk. segar,56.0,166,1.7,0.5,38.8,10.7,3.0,40.0,20.0,1.8,40.0,310.0,0.2,0.7,,14.457,,0.4,0.1,0.1,30.0,,Tunggal,Sayur,KZGMI-2001
160,243,DR058,Daun oyong. segar,93.0,22,1.0,0.1,5.3,2.0,0.6,21.0,44.0,2.0,40.0,295.5,0.1,0.2,,855.0,1.0,0.08,0.1,0.8,150.0,65.0,Tunggal,Sayur,DABM-1964
161,244,DR060,Daun pakis longgiho. segar,89.5,54,2.2,3.6,3.1,2.1,1.6,40.0,80.0,0.7,70.0,500.0,0.4,0.1,,168.0,,0.4,0.3,0.2,8.0,70.0,Tunggal,Sayur,KZGMI-2001
162,245,DR061,Daun pakis wambateu. segar,86.9,53,3.4,1.2,7.2,4.8,1.3,30.0,100.0,0.3,20.0,200.0,0.2,0.3,,191.0,,0.7,0.2,0.3,6.0,70.0,Tunggal,Sayur,KZGMI-2001
163,246,DR059,Daun pakis. segar,86.8,39,4.5,0.4,6.9,2.0,1.4,136.0,159.0,2.3,20.0,201.9,0.2,0.3,,1.625,3.292,0.02,0.1,0.5,3.0,70.0,Tunggal,Sayur,KZGPI-1990
164,247,DR062,Daun paku. segar,88.8,29,3.4,0.1,6.5,4.3,1.2,13.0,88.0,1.3,19.0,434.0,0.5,0.7,,18.0,,0.2,0.1,11.7,10.0,70.0,Tunggal,Sayur,KZGMI-2001
165,248,DR063,Daun pangi.segar,76.1,104,3.9,0.6,17.9,8.3,1.5,256.0,22.0,1.8,4.0,266.0,1.7,0.5,,55.0,,0.4,0.1,0.1,23.0,90.0,Tunggal,Sayur,KZGMI-2001
166,249,DR064,Daun pare. segar,87.3,49,2.7,1.0,8.4,3.0,1.6,217.0,70.0,3.3,7.0,498.0,0.4,1.2,,1.8,,0.4,0.2,0.6,7.0,,Tunggal,Sayur,KZGMI-2001
167,250,DR065,Daun pepaya. segar,75.4,87,8.0,2.0,11.9,1.5,2.7,353.0,63.0,0.8,4.0,926.6,0.2,1.5,,5.409,18.25,0.15,0.5,1.9,140.0,71.0,Tunggal,Sayur,DABM-1964
168,252,NR017,Daun salam. bubuk,13.1,301,14.2,10.9,49.0,9.4,12.8,86.0,250.0,44.1,180.0,619.0,1.31,0.7,,5.4,,0.1,0.32,5.0,,100.0,Tunggal,Bumbu,FCTEA-1972
169,253,DR067,Daun selasih. segar,83.1,62,4.0,0.5,10.5,5.3,1.9,122.0,16.0,13.9,3.0,259.0,0.4,0.7,,4.112,,0.5,0.1,0.2,24.0,53.0,Tunggal,Sayur,KZGMI-2001
170,254,DR068,Daun semanggi. segar,84.7,45,4.4,0.5,8.5,1.9,1.9,98.0,90.0,7.0,64.0,520.7,0.5,0.3,,64.0,3.365,0.01,0.5,0.7,6.0,90.0,Tunggal,Sayur,KZGPI-1990
171,257,DR072,Daun singkong ambon. segar,58.0,144,12.7,1.2,25.2,10.2,2.9,165.0,54.0,3.9,44.0,62.2,0.2,5.4,,8.627,13.0,0.21,1.0,4.2,220.0,87.0,Tunggal,Sayur,DABM-1964
172,258,DR073,Daun singkong ampenan. segar,84.4,50,6.2,1.1,7.1,2.4,1.2,352.0,123.0,2.7,49.0,570.0,0.2,1.3,,7.917,,0.5,0.1,1.6,103.0,87.0,Tunggal,Sayur,KZGMI-2001
173,259,DR074,Daun singkong kopang. segar,81.1,74,6.3,0.7,10.7,4.6,1.2,142.0,115.0,1.7,32.0,382.0,0.2,1.5,,3.882,,0.5,0.5,1.9,211.0,87.0,Tunggal,Sayur,KZGMI-2001
174,260,DP008,Daun singkong. rebus,90.5,31,3.7,0.6,4.8,1.6,0.4,160.0,50.0,2.6,13.0,14.0,0.1,2.0,,3.897,4.15,0.02,0.1,1.7,34.0,100.0,Olahan,Sayur,KZGPI-1990
175,261,DR071,Daun singkong. segar,84.4,50,6.2,1.1,7.1,2.4,1.2,166.0,99.0,1.3,17.0,23.1,0.1,2.0,,3.204,7.052,0.04,0.1,1.8,103.0,87.0,Tunggal,Sayur,KZGPI-1990
176,262,DR075,Daun sintrong. segar,88.5,36,2.6,0.9,6.1,1.7,1.9,398.0,95.0,9.3,64.0,444.4,0.1,0.4,,10.178,8.868,0.03,0.2,0.9,3.0,94.0,Tunggal,Sayur,KZGPI-1990
177,263,DP009,Daun talas. rebus,91.6,27,1.3,0.2,5.9,1.6,1.0,119.0,41.0,1.4,3.0,519.4,0.5,0.5,,4.641,2.682,,0.6,1.9,7.0,100.0,Olahan,Sayur,KZGPI-1990
178,264,DR076,Daun talas. segar,81.1,59,3.0,0.4,13.5,3.0,2.0,236.0,50.0,2.4,4.0,854.1,0.4,0.5,,3.816,5.74,0.07,0.6,2.0,24.0,80.0,Tunggal,Sayur,KZGPI-1990
179,265,DR077,Daun tespong. segar,81.0,70,2.9,0.3,13.9,2.3,1.9,155.0,65.0,2.5,72.0,,0.15,0.9,,171.0,2.5,0.05,0.7,1.4,21.0,60.0,Tunggal,Sayur,DABM-1964
180,266,DR078,Daun ubi kuning. segar,83.5,62,3.7,0.3,11.1,6.4,1.4,170.0,40.0,0.6,10.0,,0.2,0.5,,3.564,,0.3,0.3,1.2,4.0,75.0,Tunggal,Sayur,KZGMI-2001
181,267,DP010,Daun ubi merah. kukus,82.5,56,3.1,0.3,13.0,1.5,1.1,78.0,52.0,4.3,28.0,472.8,0.1,0.4,,5.277,5.397,,0.2,1.1,14.0,100.0,Olahan,Sayur,KZGPI-1990
182,268,DR079,Daun ubi merah. segar,84.4,48,3.0,0.3,10.8,1.4,1.5,80.0,81.0,6.4,33.0,517.3,,0.4,,5.453,4.697,0.1,0.2,1.2,27.0,75.0,Tunggal,Sayur,KZGPI-1990
183,269,DR080,Daun ubi putih. segar,87.5,46,2.8,0.2,8.2,4.8,1.3,120.0,50.0,0.8,10.0,,0.2,0.5,,103.0,,0.3,0.3,0.9,8.0,75.0,Tunggal,Sayur,KZGMI-2001
184,270,DR081,Daun ubi tinta. segar,85.1,55,1.7,0.1,11.9,7.6,1.2,120.0,40.0,0.6,10.0,,0.2,0.5,,516.0,,0.2,,,7.0,75.0,Tunggal,Sayur,KZGMI-2001
185,273,FP045,Djibokum. masakan,43.4,248,10.0,2.3,40.9,0.1,3.4,116.0,110.0,2.8,401.0,,,,52.0,,1.92,0.75,,,,100.0,Olahan,Daging,KZGMS-1993
186,275,CP023,Dodol banjarmasin,17.3,368,2.6,8.6,70.0,0.5,1.5,51.0,180.0,3.3,48.0,96.0,0.4,2.6,,,,0.04,0.07,2.3,,100.0,Olahan,Kacang,KZGMI-2001
187,276,AP044,Dodol galamai,16.5,348,0.4,3.8,76.1,0.5,1.2,41.0,144.0,2.6,38.0,76.0,0.3,2.1,,,,0.03,0.06,1.8,,100.0,Olahan,Serealia,KZGMI-2001
188,278,AP046,Dodol manado,26.1,373,4.3,16.5,51.9,0.4,1.2,41.0,142.0,2.4,35.0,72.0,0.3,2.1,,,,0.04,0.06,2.1,,100.0,Olahan,Serealia,KZGMI-2001
189,242,DR057,Daun ndusuk. segar,56.0,166,1.7,0.5,38.8,10.7,3.0,40.0,20.0,1.8,40.0,310.0,0.2,0.7,,14.457,,0.4,0.1,0.1,30.0,,Tunggal,Sayur,KZGMI-2001
190,243,DR058,Daun oyong. segar,93.0,22,1.0,0.1,5.3,2.0,0.6,21.0,44.0,2.0,40.0,295.5,0.1,0.2,,855.0,1.0,0.08,0.1,0.8,150.0,65.0,Tunggal,Sayur,DABM-1964
191,244,DR060,Daun pakis longgiho. segar,89.5,54,2.2,3.6,3.1,2.1,1.6,40.0,80.0,0.7,70.0,500.0,0.4,0.1,,168.0,,0.4,0.3,0.2,8.0,70.0,Tunggal,Sayur,KZGMI-2001
192,245,DR061,Daun pakis wambateu. segar,86.9,53,3.4,1.2,7.2,4.8,1.3,30.0,100.0,0.3,20.0,200.0,0.2,0.3,,191.0,,0.7,0.2,0.3,6.0,70.0,Tunggal,Sayur,KZGMI-2001
193,246,DR059,Daun pakis. segar,86.8,39,4.5,0.4,6.9,2.0,1.4,136.0,159.0,2.3,20.0,201.9,0.2,0.3,,1.625,3.292,0.02,0.1,0.5,3.0,70.0,Tunggal,Sayur,KZGPI-1990
194,247,DR062,Daun paku. segar,88.8,29,3.4,0.1,6.5,4.3,1.2,13.0,88.0,1.3,19.0,434.0,0.5,0.7,,18.0,,0.2,0.1,11.7,10.0,70.0,Tunggal,Sayur,KZGMI-2001
195,248,DR063,Daun pangi.segar,76.1,104,3.9,0.6,17.9,8.3,1.5,256.0,22.0,1.8,4.0,266.0,1.7,0.5,,55.0,,0.4,0.1,0.1,23.0,90.0,Tunggal,Sayur,KZGMI-2001
196,249,DR064,Daun pare. segar,87.3,49,2.7,1.0,8.4,3.0,1.6,217.0,70.0,3.3,7.0,498.0,0.4,1.2,,1.8,,0.4,0.2,0.6,7.0,,Tunggal,Sayur,KZGMI-2001
197,250,DR065,Daun pepaya. segar,75.4,87,8.0,2.0,11.9,1.5,2.7,353.0,63.0,0.8,4.0,926.6,0.2,1.5,,5.409,18.25,0.15,0.5,1.9,140.0,71.0,Tunggal,Sayur,DABM-1964
198,252,NR017,Daun salam. bubuk,13.1,301,14.2,10.9,49.0,9.4,12.8,86.0,250.0,44.1,180.0,619.0,1.31,0.7,,5.4,,0.1,0.32,5.0,,100.0,Tunggal,Bumbu,FCTEA-1972
199,253,DR067,Daun selasih. segar,83.1,62,4.0,0.5,10.5,5.3,1.9,122.0,16.0,13.9,3.0,259.0,0.4,0.7,,4.112,,0.5,0.1,0.2,24.0,53.0,Tunggal,Sayur,KZGMI-2001
200,254,DR068,Daun semanggi. segar,84.7,45,4.4,0.5,8.5,1.9,1.9,98.0,90.0,7.0,64.0,520.7,0.5,0.3,,64.0,3.365,0.01,0.5,0.7,6.0,90.0,Tunggal,Sayur,KZGPI-1990
201,257,DR072,Daun singkong ambon. segar,58.0,144,12.7,1.2,25.2,10.2,2.9,165.0,54.0,3.9,44.0,62.2,0.2,5.4,,8.627,13.0,0.21,1.0,4.2,220.0,87.0,Tunggal,Sayur,DABM-1964
202,258,DR073,Daun singkong ampenan. segar,84.4,50,6.2,1.1,7.1,2.4,1.2,352.0,123.0,2.7,49.0,570.0,0.2,1.3,,7.917,,0.5,0.1,1.6,103.0,87.0,Tunggal,Sayur,KZGMI-2001
203,259,DR074,Daun singkong kopang. segar,81.1,74,6.3,0.7,10.7,4.6,1.2,142.0,115.0,1.7,32.0,382.0,0.2,1.5,,3.882,,0.5,0.5,1.9,211.0,87.0,Tunggal,Sayur,KZGMI-2001
204,260,DP008,Daun singkong. rebus,90.5,31,3.7,0.6,4.8,1.6,0.4,160.0,50.0,2.6,13.0,14.0,0.1,2.0,,3.897,4.15,0.02,0.1,1.7,34.0,100.0,Olahan,Sayur,KZGPI-1990
205,261,DR071,Daun singkong. segar,84.4,50,6.2,1.1,7.1,2.4,1.2,166.0,99.0,1.3,17.0,23.1,0.1,2.0,,3.204,7.052,0.04,0.1,1.8,103.0,87.0,Tunggal,Sayur,KZGPI-1990
206,262,DR075,Daun sintrong. segar,88.5,36,2.6,0.9,6.1,1.7,1.9,398.0,95.0,9.3,64.0,444.4,0.1,0.4,,10.178,8.868,0.03,0.2,0.9,3.0,94.0,Tunggal,Sayur,KZGPI-1990
207,263,DP009,Daun talas. rebus,91.6,27,1.3,0.2,5.9,1.6,1.0,119.0,41.0,1.4,3.0,519.4,0.5,0.5,,4.641,2.682,,0.6,1.9,7.0,100.0,Olahan,Sayur,KZGPI-1990
208,264,DR076,Daun talas. segar,81.1,59,3.0,0.4,13.5,3.0,2.0,236.0,50.0,2.4,4.0,854.1,0.4,0.5,,3.816,5.74,0.07,0.6,2.0,24.0,80.0,Tunggal,Sayur,KZGPI-1990
209,265,DR077,Daun tespong. segar,81.0,70,2.9,0.3,13.9,2.3,1.9,155.0,65.0,2.5,72.0,,0.15,0.9,,171.0,2.5,0.05,0.7,1.4,21.0,60.0,Tunggal,Sayur,DABM-1964
210,266,DR078,Daun ubi kuning. segar,83.5,62,3.7,0.3,11.1,6.4,1.4,170.0,40.0,0.6,10.0,,0.2,0.5,,3.564,,0.3,0.3,1.2,4.0,75.0,Tunggal,Sayur,KZGMI-2001
211,267,DP010,Daun ubi merah. kukus,82.5,56,3.1,0.3,13.0,1.5,1.1,78.0,52.0,4.3,28.0,472.8,0.1,0.4,,5.277,5.397,,0.2,1.1,14.0,100.0,Olahan,Sayur,KZGPI-1990
212,268,DR079,Daun ubi merah. segar,84.4,48,3.0,0.3,10.8,1.4,1.5,80.0,81.0,6.4,33.0,517.3,,0.4,,5.453,4.697,0.1,0.2,1.2,27.0,75.0,Tunggal,Sayur,KZGPI-1990
213,269,DR080,Daun ubi putih. segar,87.5,46,2.8,0.2,8.2,4.8,1.3,120.0,50.0,0.8,10.0,,0.2,0.5,,103.0,,0.3,0.3,0.9,8.0,75.0,Tunggal,Sayur,KZGMI-2001
214,270,DR081,Daun ubi tinta. segar,85.1,55,1.7,0.1,11.9,7.6,1.2,120.0,40.0,0.6,10.0,,0.2,0.5,,516.0,,0.2,,,7.0,75.0,Tunggal,Sayur,KZGMI-2001
215,273,FP045,Djibokum. masakan,43.4,248,10.0,2.3,40.9,0.1,3.4,116.0,110.0,2.8,401.0,,,,52.0,,1.92,0.75,,,,100.0,Olahan,Daging,KZGMS-1993
216,275,CP023,Dodol banjarmasin,17.3,368,2.6,8.6,70.0,0.5,1.5,51.0,180.0,3.3,48.0,96.0,0.4,2.6,,,,0.04,0.07,2.3,,100.0,Olahan,Kacang,KZGMI-2001
217,276,AP044,Dodol galamai,16.5,348,0.4,3.8,76.1,0.5,1.2,41.0,144.0,2.6,38.0,76.0,0.3,2.1,,,,0.03,0.06,1.8,,100.0,Olahan,Serealia,KZGMI-2001
218,278,AP046,Dodol manado,26.1,373,4.3,16.5,51.9,0.4,1.2,41.0,142.0,2.4,35.0,72.0,0.3,2.1,,,,0.04,0.06,2.1,,100.0,Olahan,Serealia,KZGMI-2001
219,394,GP019,Ikan Mas pepes,57.5,209,15.2,11.3,11.8,0.5,4.3,686.0,530.0,6.1,74.0,276.7,0.1,1.9,3.0,,315.0,0.13,0.1,2.4,,100.0,Olahan,Ikan dsb,KZGPI-1990
220,417,GR072,Ikan Sale. segar,8.5,534,40.2,39.3,4.9,2.0,7.1,199.0,1.244,2.7,673.0,673.0,0.3,2.6,,410.0,,0.02,0.5,,0.2,100.0,Tunggal,Ikan dsb,BKP
221,417,GR072,Ikan Sale. segar,8.5,534,40.2,39.3,4.9,2.0,7.1,199.0,1.244,2.7,673.0,673.0,0.3,2.6,,410.0,,0.02,0.5,,0.2,100.0,Tunggal,Ikan dsb,BKP
222,417,GR072,Ikan Sale. segar,8.5,534,40.2,39.3,4.9,2.0,7.1,199.0,1.244,2.7,673.0,673.0,0.3,2.6,,410.0,,0.02,0.5,,0.2,100.0,Tunggal,Ikan dsb,BKP
223,417,GR072,Ikan Sale. segar,8.5,534,40.2,39.3,4.9,2.0,7.1,199.0,1.244,2.7,673.0,673.0,0.3,2.6,,410.0,,0.02,0.5,,0.2,100.0,Tunggal,Ikan dsb,BKP
224,564,DR101,Kangkung tondano,88.5,43,1.8,0.2,8.4,4.3,1.1,72.0,9.0,0.7,30.0,361.0,0.3,0.4,,2.741,,0.8,0.1,1.1,23.0,60.0,Tunggal,Sayur,KZGMI-2001
225,565,DP013,Kangkung. kukus,90.4,30,3.2,0.7,4.7,1.8,1.0,70.0,49.0,4.4,45.0,184.9,0.1,0.4,,2.37,5.837,0.03,0.28,1.4,11.0,100.0,Olahan,Sayur,KZGPI-1990
226,566,DP014,Kangkung. rebus,93.0,22,2.5,0.6,3.1,1.2,0.8,50.0,51.0,3.5,31.0,98.0,0.1,0.3,,2.37,4.325,0.01,0.22,1.2,13.0,100.0,Olahan,Sayur,KZGPI-1990
227,567,DR100,Kangkung. segar,91.0,28,3.4,0.7,3.9,2.0,1.0,67.0,54.0,2.3,65.0,250.1,0.13,0.4,,2.868,5.542,0.07,0.36,2.0,17.0,60.0,Tunggal,Sayur,KZGPI-1990
228,568,DP036,Kaparende. sayur,91.7,38,2.4,2.0,2.6,1.5,1.3,126.0,68.0,,170.0,43.0,,0.3,,40.0,,0.1,,3.7,22.0,100.0,Olahan,Sayur,KZGMI-2001
229,569,DR102,Kapri muda. segar,86.8,45,3.3,0.2,9.0,1.8,0.7,51.0,85.0,1.0,2.0,118.4,0.09,0.7,,72.0,440.0,0.2,0.1,0.9,49.0,80.0,Tunggal,Sayur,DABM-1964
230,570,BP032,Kapurung,79.6,41,2.0,0.3,7.8,2.0,0.6,34.0,12.0,0.3,185.0,566.0,0.1,0.3,,213.0,,0.12,0.25,2.7,15.0,100.0,Olahan,Umbi,KZGMI-2001
231,571,AP056,Kapusa,63.5,158,4.4,3.2,27.8,5.3,1.0,79.0,115.0,1.2,104.0,149.0,0.5,1.1,,1.374,,0.06,0.05,0.1,,100.0,Olahan,Serealia,KZGMI-2001
232,572,DR103,Karawila,93.7,25,2.3,0.2,3.5,2.1,0.3,25.0,67.0,0.3,8.0,88.4,0.08,0.3,,21.0,,0.1,0.1,0.4,39.0,80.0,Tunggal,Sayur,KZGMI-2001
233,574,ER042,Kawista. segar,71.8,120,3.5,2.5,20.8,4.6,1.4,190.0,230.0,1.6,9.0,,308.43,0.4,,99.0,,0.07,0.07,0.4,3.0,72.0,Tunggal,Buah,KZGPI-1990
234,577,DR104,Kecipir muda. segar,90.4,32,2.9,0.2,5.8,5.5,0.7,63.0,37.0,0.3,3.0,103.8,0.18,0.4,,261.0,595.0,0.24,0.11,0.7,19.0,96.0,Tunggal,Sayur,DABM-1964
235,578,DR105,Kecombrang. segar,90.0,34,0.9,1.0,6.7,2.6,1.4,60.0,16.0,1.0,47.0,650.6,,,,,73.0,,0.02,0.8,,100.0,Tunggal,Sayur,KZGPI-1990
236,580,ER043,Kedondong masak. segar,88.0,46,1.0,0.1,10.3,2.6,0.6,15.0,22.0,2.8,2.0,216.2,0.03,0.1,,164.0,233.0,0.08,0.23,0.3,30.0,58.0,Tunggal,Buah,DABM-1964
237,581,ER044,Kedondong. segar,87.8,47,0.5,0.2,10.4,2.7,0.6,7.0,58.0,0.8,2.0,,,0.2,,167.0,,0.07,0.04,0.4,32.0,58.0,Tunggal,Buah,KZGMI-2001
238,583,CP036,Keju kacang tanah (peanut butter),3.0,590,27.0,49.0,20.9,1.6,0.1,60.0,360.0,2.0,355.0,492.4,0.57,2.7,,,,0.3,0.2,16.2,,100.0,Olahan,Kacang,DABM-1964
239,584,ER045,Kelapa hutan. kering,6.0,623,2.0,52.1,36.5,15.3,3.4,120.0,280.0,3.8,100.0,460.0,1.7,1.9,,,,,,0.2,,,Tunggal,Buah,KZGMI-2001
240,587,KR001,Kelapa setengah tua. daging. segar,70.0,180,4.0,15.0,10.0,2.4,1.0,8.0,55.0,1.3,4.0,317.8,0.29,2.9,,,10.0,0.05,0.01,0.1,4.0,53.0,Tunggal,Lemak,DABM-1964
241,588,KR002,Kelapa tua. daging. segar,46.9,359,3.4,34.7,14.0,4.7,1.0,21.0,98.0,2.0,3.0,293.9,0.44,1.1,,,,0.1,,,2.0,53.0,Tunggal,Lemak,DABM-1964
242,589,DR106,Kelawi.kluwih. segar,70.0,118,1.5,0.3,27.2,5.0,1.0,28.0,32.0,0.9,2.0,500.9,0.09,0.1,,,20.0,0.1,0.03,0.9,19.0,77.0,Tunggal,Sayur,DABM-1964
243,592,ER047,Kemang. segar,86.5,48,1.0,0.2,11.9,1.7,0.4,10.0,24.0,0.1,2.0,88.6,0.04,0.1,,318.0,6.0,0.08,0.01,0.3,58.0,65.0,Tunggal,Buah,DABM-1964
244,593,DR113,Kembang Kol,91.7,25,2.4,0.2,4.9,1.6,0.8,22.0,72.0,1.1,47.0,187.0,0.04,0.3,,24.0,90.0,0.11,0.09,0.6,69.0,57.0,Tunggal,Sayur,DABM-1964
245,596,DR107,Kembang turi. segar,87.4,51,1.8,0.6,9.6,5.0,0.6,23.0,29.0,0.9,22.0,275.3,0.15,0.9,,201.0,105.0,0.13,0.12,0.6,41.0,83.0,Tunggal,Sayur,DABM-1964
246,597,NR019,Kemiri,7.0,675,19.0,63.0,8.0,3.0,3.0,80.0,200.0,2.0,25.0,430.7,0.23,0.8,,,,0.06,0.06,0.4,,100.0,Tunggal,Bumbu,DABM-1964
247,600,BR014,Kentang hitam. segar,64.0,142,0.9,0.4,33.7,5.4,1.0,34.0,75.0,0.2,22.0,890.3,0.9,0.6,,,,0.02,0.1,2.2,38.0,75.0,Tunggal,Umbi,DABM-1964
248,601,BR013,Kentang. segar,83.4,62,2.1,0.2,13.5,0.5,0.8,63.0,58.0,0.7,7.0,396.0,0.4,0.3,,,,0.09,0.1,1.0,21.0,85.0,Tunggal,Umbi,KZGPI-1990
249,611,BR015,Keribang. ubi. segar,67.0,137,1.3,1.1,29.8,0.6,0.8,45.0,56.0,0.8,10.0,885.8,0.2,0.3,,,,,,0.7,,83.0,Tunggal,Umbi,KZGPI-1990
250,614,BP036,Keripik kentang,7.8,448,2.7,18.8,67.1,3.8,3.6,25.0,130.0,1.2,712.0,406.0,1.1,,,15.0,,0.1,0.05,2.8,,100.0,Olahan,Umbi,KZGMI-2001
251,625,BP039,Keripik ubi,6.0,486,0.2,23.9,67.6,14.3,2.3,68.0,92.0,0.9,52.0,2.0,0.7,2.3,,920.0,,0.1,0.1,0.5,,100.0,Olahan,Umbi,KZGMI-2001
252,626,DR108,Kerokot. segar,93.0,26,1.7,0.4,3.8,1.0,1.1,103.0,39.0,3.6,4.0,240.5,0.23,0.9,,0.2,2.55,0.03,0.09,0.2,25.0,80.0,Tunggal,Sayur,DABM-1964
253,627,BP040,Kerupuk cumi goreng,3.4,444,6.9,14.6,71.3,5.0,3.8,47.0,375.0,1.8,837.0,191.0,0.1,0.3,,,,0.4,0.1,1.8,,100.0,Olahan,Umbi,KZGMI-2001
254,628,BP041,Kerupuk kemplang (ikan) mentah,14.2,325,1.8,0.4,78.5,4.5,5.1,59.0,268.0,2.3,1.123,273.0,0.2,0.5,32.0,,,0.6,0.1,2.3,,100.0,Olahan,Umbi,KZGMI-2001
255,632,BP045,Kerupuk udang goreng,4.4,477,4.7,20.5,68.5,5.0,1.9,24.0,188.0,0.9,449.0,109.0,0.1,0.2,,,,0.2,,0.9,,100.0,Olahan,Umbi,KZGMI-2001
256,634,ER048,Kesemek. segar,78.2,78,0.8,0.4,20.0,0.6,0.6,6.0,26.0,0.3,0.3,34.5,0.13,0.1,,109.0,2.71,0.05,,0.1,11.0,97.0,Tunggal,Buah,DABM-1964
257,635,AP015,Ketan hitam. matang,56.9,181,4.0,1.2,37.3,0.3,0.6,9.0,144.0,1.7,9.0,18.4,0.1,0.7,,,,0.06,,0.5,,100.0,Olahan,Serealia,KZGPI-1990
258,636,AP017,Ketan putih. matang,60.7,163,3.0,0.4,35.7,0.2,0.2,4.0,55.0,0.7,8.0,16.8,0.1,0.7,,,,0.07,,0.5,,100.0,Olahan,Serealia,KZGPI-1990
259,637,BR016,Ketela pohon/ singkong. segar,61.4,154,1.0,0.3,36.8,0.9,0.5,77.0,24.0,1.1,2.0,394.0,0.3,0.4,,,,0.06,0.1,0.5,31.0,85.0,Tunggal,Umbi,KZGPI-1990
260,638,BP008,Ketela pohon/singkong kukus,61.5,153,1.2,0.3,36.4,1.3,0.6,56.0,22.0,0.4,2.0,345.3,0.3,0.1,,,,,,0.3,20.0,100.0,Olahan,Umbi,KZGPI-1990
261,639,DR110,Ketimun krai. segar,96.8,10,0.5,0.2,2.0,0.6,0.5,20.0,98.0,1.0,10.0,82.1,0.03,0.1,,19.0,21.0,0.02,0.03,0.1,3.0,82.0,Tunggal,Sayur,KZGPI-1990
262,640,DR111,Ketimun madura. segar,97.1,9,0.5,0.1,1.9,0.7,0.4,15.0,102.0,0.6,2.0,78.9,0.02,0.1,,25.0,,0.02,0.02,0.1,5.0,89.0,Tunggal,Sayur,KZGPI-1990
263,641,DR109,Ketimun. segar,97.9,8,0.2,0.2,1.4,0.3,0.3,29.0,95.0,0.8,2.0,57.1,0.02,0.1,,18.0,314.0,0.01,0.02,0.1,1.0,55.0,Tunggal,Sayur,KZGPI-1990
264,643,NR020,Ketumbar. kering,11.2,418,14.1,16.1,54.2,12.3,4.4,630.0,370.0,17.9,91.0,,0.95,4.6,,75.0,1.57,0.2,0.35,1.8,,100.0,Tunggal,Bumbu,DABM-1964
265,648,ER049,Kokosan. segar,85.0,86,1.6,0.2,13.0,1.4,0.2,22.0,38.0,1.3,2.0,118.3,0.08,0.2,,,20.0,0.04,0.04,1.5,3.0,64.0,Tunggal,Buah,DABM-1964
266,649,DR114,Kol merah. kol putih,92.4,29,1.4,0.2,5.3,1.9,0.9,46.0,31.0,0.5,28.0,236.8,0.29,0.3,,46.0,80.0,0.06,0.07,0.3,50.0,75.0,Tunggal,Sayur,DABM-1964
267,650,CR039,Komak polong. segar,74.3,99,3.3,0.1,21.2,10.3,1.1,50.0,99.0,13.1,15.0,567.0,0.2,0.6,,5.0,,0.13,0.03,0.2,,100.0,Tunggal,Kacang,KZGMI-2001
268,651,DR112,Komak. segar,74.3,99,3.3,0.1,21.2,10.3,1.1,50.0,99.0,13.1,15.0,567.0,0.2,0.6,,5.0,,0.2,0.19,0.1,,80.0,Tunggal,Sayur,KZGMI-2001
269,653,CR040,Koro andong. kering,10.8,356,20.5,4.1,61.6,7.0,3.0,150.0,272.0,6.2,18.0,301.8,0.73,2.8,,,,0.29,0.02,1.4,1.0,100.0,Tunggal,Kacang,KZGPI-1990
270,654,CR041,Koro benguk. biji. kering,15.0,332,24.0,3.0,55.0,5.6,3.0,30.0,200.0,2.0,42.0,389.2,1.25,8.7,,,70.0,0.3,0.12,1.7,,95.0,Tunggal,Kacang,DABM-1964
271,655,CR042,Koro kerupuk. biji. segar,67.2,125,8.3,0.7,22.1,2.2,1.7,17.0,12.0,2.7,16.0,150.3,0.48,3.4,,,80.0,0.11,0.04,1.1,31.0,68.0,Tunggal,Kacang,DABM-1964
272,657,CR043,Koro loke. biji. segar,88.6,33,2.7,0.2,7.9,3.5,0.6,60.0,40.0,2.0,2.0,38.6,0.09,0.4,,,40.0,0.1,,0.2,,95.0,Tunggal,Kacang,DABM-1964
273,658,CR044,Koro roay. kering,13.0,344,12.5,2.1,69.4,7.5,3.0,70.0,103.0,4.4,18.0,294.3,0.72,2.7,,,28.0,0.11,0.21,1.4,1.0,100.0,Tunggal,Kacang,KZGPI-1990
274,659,CR045,Koro wedus. biji. kering,11.8,338,22.2,1.5,61.0,5.8,3.5,88.0,395.0,3.5,43.0,403.8,1.3,9.1,,,,0.62,0.12,1.8,,100.0,Tunggal,Kacang,DABM-1964
275,660,DR116,Koro wedus. polong,88.0,46,3.0,0.3,7.9,3.3,0.8,56.0,47.0,1.1,2.0,249.3,0.09,0.4,,66.0,870.0,0.09,0.09,0.5,17.0,70.0,Tunggal,Sayur,DABM-1964
276,661,DP039,Kotiu hinela tawang nggole,88.4,46,2.2,1.5,6.0,3.8,1.9,64.0,44.0,,316.0,103.0,1.6,0.8,,75.0,,0.3,,9.7,7.0,100.0,Olahan,Sayur,KZGMI-2001
277,666,DR118,Kucai muda (Lokio). segar,86.0,42,3.8,0.6,7.8,4.9,1.8,76.0,91.0,2.5,22.0,449.1,0.11,0.5,,2.744,500.0,0.11,0.2,1.8,59.0,100.0,Tunggal,Sayur,DABM-1964
278,667,DR117,Kucai. segar,86.3,45,2.2,0.3,10.3,4.8,0.9,52.0,50.0,1.1,21.0,439.5,0.11,0.5,,2.685,40.0,0.11,0.2,1.8,17.0,52.0,Tunggal,Sayur,DABM-1964
279,680,BP047,Kue putu singkong,44.2,217,1.2,0.5,53.2,2.4,0.9,48.0,68.0,1.5,3.0,305.0,,,,,,0.1,0.1,0.8,,100.0,Olahan,Umbi,KZGMI-2001
280,641,DR109,Ketimun. segar,97.9,8,0.2,0.2,1.4,0.3,0.3,29.0,95.0,0.8,2.0,57.1,0.02,0.1,,18.0,314.0,0.01,0.02,0.1,1.0,55.0,Tunggal,Sayur,KZGPI-1990
281,643,NR020,Ketumbar. kering,11.2,418,14.1,16.1,54.2,12.3,4.4,630.0,370.0,17.9,91.0,,0.95,4.6,,75.0,1.57,0.2,0.35,1.8,,100.0,Tunggal,Bumbu,DABM-1964
282,648,ER049,Kokosan. segar,85.0,86,1.6,0.2,13.0,1.4,0.2,22.0,38.0,1.3,2.0,118.3,0.08,0.2,,,20.0,0.04,0.04,1.5,3.0,64.0,Tunggal,Buah,DABM-1964
283,649,DR114,Kol merah. kol putih,92.4,29,1.4,0.2,5.3,1.9,0.9,46.0,31.0,0.5,28.0,236.8,0.29,0.3,,46.0,80.0,0.06,0.07,0.3,50.0,75.0,Tunggal,Sayur,DABM-1964
284,650,CR039,Komak polong. segar,74.3,99,3.3,0.1,21.2,10.3,1.1,50.0,99.0,13.1,15.0,567.0,0.2,0.6,,5.0,,0.13,0.03,0.2,,100.0,Tunggal,Kacang,KZGMI-2001
285,651,DR112,Komak. segar,74.3,99,3.3,0.1,21.2,10.3,1.1,50.0,99.0,13.1,15.0,567.0,0.2,0.6,,5.0,,0.2,0.19,0.1,,80.0,Tunggal,Sayur,KZGMI-2001
286,653,CR040,Koro andong. kering,10.8,356,20.5,4.1,61.6,7.0,3.0,150.0,272.0,6.2,18.0,301.8,0.73,2.8,,,,0.29,0.02,1.4,1.0,100.0,Tunggal,Kacang,KZGPI-1990
287,654,CR041,Koro benguk. biji. kering,15.0,332,24.0,3.0,55.0,5.6,3.0,30.0,200.0,2.0,42.0,389.2,1.25,8.7,,,70.0,0.3,0.12,1.7,,95.0,Tunggal,Kacang,DABM-1964
288,655,CR042,Koro kerupuk. biji. segar,67.2,125,8.3,0.7,22.1,2.2,1.7,17.0,12.0,2.7,16.0,150.3,0.48,3.4,,,80.0,0.11,0.04,1.1,31.0,68.0,Tunggal,Kacang,DABM-1964
289,657,CR043,Koro loke. biji. segar,88.6,33,2.7,0.2,7.9,3.5,0.6,60.0,40.0,2.0,2.0,38.6,0.09,0.4,,,40.0,0.1,,0.2,,95.0,Tunggal,Kacang,DABM-1964
290,658,CR044,Koro roay. kering,13.0,344,12.5,2.1,69.4,7.5,3.0,70.0,103.0,4.4,18.0,294.3,0.72,2.7,,,28.0,0.11,0.21,1.4,1.0,100.0,Tunggal,Kacang,KZGPI-1990
291,659,CR045,Koro wedus. biji. kering,11.8,338,22.2,1.5,61.0,5.8,3.5,88.0,395.0,3.5,43.0,403.8,1.3,9.1,,,,0.62,0.12,1.8,,100.0,Tunggal,Kacang,DABM-1964
292,660,DR116,Koro wedus. polong,88.0,46,3.0,0.3,7.9,3.3,0.8,56.0,47.0,1.1,2.0,249.3,0.09,0.4,,66.0,870.0,0.09,0.09,0.5,17.0,70.0,Tunggal,Sayur,DABM-1964
293,661,DP039,Kotiu hinela tawang nggole,88.4,46,2.2,1.5,6.0,3.8,1.9,64.0,44.0,,316.0,103.0,1.6,0.8,,75.0,,0.3,,9.7,7.0,100.0,Olahan,Sayur,KZGMI-2001
294,666,DR118,Kucai muda (Lokio). segar,86.0,42,3.8,0.6,7.8,4.9,1.8,76.0,91.0,2.5,22.0,449.1,0.11,0.5,,2.744,500.0,0.11,0.2,1.8,59.0,100.0,Tunggal,Sayur,DABM-1964
295,667,DR117,Kucai. segar,86.3,45,2.2,0.3,10.3,4.8,0.9,52.0,50.0,1.1,21.0,439.5,0.11,0.5,,2.685,40.0,0.11,0.2,1.8,17.0,52.0,Tunggal,Sayur,DABM-1964
296,680,BP047,Kue putu singkong,44.2,217,1.2,0.5,53.2,2.4,0.9,48.0,68.0,1.5,3.0,305.0,,,,,,0.1,0.1,0.8,,100.0,Olahan,Umbi,KZGMI-2001
297,641,DR109,Ketimun. segar,97.9,8,0.2,0.2,1.4,0.3,0.3,29.0,95.0,0.8,2.0,57.1,0.02,0.1,,18.0,314.0,0.01,0.02,0.1,1.0,55.0,Tunggal,Sayur,KZGPI-1990
298,643,NR020,Ketumbar. kering,11.2,418,14.1,16.1,54.2,12.3,4.4,630.0,370.0,17.9,91.0,,0.95,4.6,,75.0,1.57,0.2,0.35,1.8,,100.0,Tunggal,Bumbu,DABM-1964
299,648,ER049,Kokosan. segar,85.0,86,1.6,0.2,13.0,1.4,0.2,22.0,38.0,1.3,2.0,118.3,0.08,0.2,,,20.0,0.04,0.04,1.5,3.0,64.0,Tunggal,Buah,DABM-1964
300,649,DR114,Kol merah. kol putih,92.4,29,1.4,0.2,5.3,1.9,0.9,46.0,31.0,0.5,28.0,236.8,0.29,0.3,,46.0,80.0,0.06,0.07,0.3,50.0,75.0,Tunggal,Sayur,DABM-1964
301,650,CR039,Komak polong. segar,74.3,99,3.3,0.1,21.2,10.3,1.1,50.0,99.0,13.1,15.0,567.0,0.2,0.6,,5.0,,0.13,0.03,0.2,,100.0,Tunggal,Kacang,KZGMI-2001
302,651,DR112,Komak. segar,74.3,99,3.3,0.1,21.2,10.3,1.1,50.0,99.0,13.1,15.0,567.0,0.2,0.6,,5.0,,0.2,0.19,0.1,,80.0,Tunggal,Sayur,KZGMI-2001
303,653,CR040,Koro andong. kering,10.8,356,20.5,4.1,61.6,7.0,3.0,150.0,272.0,6.2,18.0,301.8,0.73,2.8,,,,0.29,0.02,1.4,1.0,100.0,Tunggal,Kacang,KZGPI-1990
304,654,CR041,Koro benguk. biji. kering,15.0,332,24.0,3.0,55.0,5.6,3.0,30.0,200.0,2.0,42.0,389.2,1.25,8.7,,,70.0,0.3,0.12,1.7,,95.0,Tunggal,Kacang,DABM-1964
305,655,CR042,Koro kerupuk. biji. segar,67.2,125,8.3,0.7,22.1,2.2,1.7,17.0,12.0,2.7,16.0,150.3,0.48,3.4,,,80.0,0.11,0.04,1.1,31.0,68.0,Tunggal,Kacang,DABM-1964
306,657,CR043,Koro loke. biji. segar,88.6,33,2.7,0.2,7.9,3.5,0.6,60.0,40.0,2.0,2.0,38.6,0.09,0.4,,,40.0,0.1,,0.2,,95.0,Tunggal,Kacang,DABM-1964
307,658,CR044,Koro roay. kering,13.0,344,12.5,2.1,69.4,7.5,3.0,70.0,103.0,4.4,18.0,294.3,0.72,2.7,,,28.0,0.11,0.21,1.4,1.0,100.0,Tunggal,Kacang,KZGPI-1990
308,659,CR045,Koro wedus. biji. kering,11.8,338,22.2,1.5,61.0,5.8,3.5,88.0,395.0,3.5,43.0,403.8,1.3,9.1,,,,0.62,0.12,1.8,,100.0,Tunggal,Kacang,DABM-1964
309,660,DR116,Koro wedus. polong,88.0,46,3.0,0.3,7.9,3.3,0.8,56.0,47.0,1.1,2.0,249.3,0.09,0.4,,66.0,870.0,0.09,0.09,0.5,17.0,70.0,Tunggal,Sayur,DABM-1964
310,661,DP039,Kotiu hinela tawang nggole,88.4,46,2.2,1.5,6.0,3.8,1.9,64.0,44.0,,316.0,103.0,1.6,0.8,,75.0,,0.3,,9.7,7.0,100.0,Olahan,Sayur,KZGMI-2001
311,666,DR118,Kucai muda (Lokio). segar,86.0,42,3.8,0.6,7.8,4.9,1.8,76.0,91.0,2.5,22.0,449.1,0.11,0.5,,2.744,500.0,0.11,0.2,1.8,59.0,100.0,Tunggal,Sayur,DABM-1964
312,667,DR117,Kucai. segar,86.3,45,2.2,0.3,10.3,4.8,0.9,52.0,50.0,1.1,21.0,439.5,0.11,0.5,,2.685,40.0,0.11,0.2,1.8,17.0,52.0,Tunggal,Sayur,DABM-1964
313,680,BP047,Kue putu singkong,44.2,217,1.2,0.5,53.2,2.4,0.9,48.0,68.0,1.5,3.0,305.0,,,,,,0.1,0.1,0.8,,100.0,Olahan,Umbi,KZGMI-2001
314,641,DR109,Ketimun. segar,97.9,8,0.2,0.2,1.4,0.3,0.3,29.0,95.0,0.8,2.0,57.1,0.02,0.1,,18.0,314.0,0.01,0.02,0.1,1.0,55.0,Tunggal,Sayur,KZGPI-1990
315,643,NR020,Ketumbar. kering,11.2,418,14.1,16.1,54.2,12.3,4.4,630.0,370.0,17.9,91.0,,0.95,4.6,,75.0,1.57,0.2,0.35,1.8,,100.0,Tunggal,Bumbu,DABM-1964
316,648,ER049,Kokosan. segar,85.0,86,1.6,0.2,13.0,1.4,0.2,22.0,38.0,1.3,2.0,118.3,0.08,0.2,,,20.0,0.04,0.04,1.5,3.0,64.0,Tunggal,Buah,DABM-1964
317,649,DR114,Kol merah. kol putih,92.4,29,1.4,0.2,5.3,1.9,0.9,46.0,31.0,0.5,28.0,236.8,0.29,0.3,,46.0,80.0,0.06,0.07,0.3,50.0,75.0,Tunggal,Sayur,DABM-1964
318,650,CR039,Komak polong. segar,74.3,99,3.3,0.1,21.2,10.3,1.1,50.0,99.0,13.1,15.0,567.0,0.2,0.6,,5.0,,0.13,0.03,0.2,,100.0,Tunggal,Kacang,KZGMI-2001
319,651,DR112,Komak. segar,74.3,99,3.3,0.1,21.2,10.3,1.1,50.0,99.0,13.1,15.0,567.0,0.2,0.6,,5.0,,0.2,0.19,0.1,,80.0,Tunggal,Sayur,KZGMI-2001
320,653,CR040,Koro andong. kering,10.8,356,20.5,4.1,61.6,7.0,3.0,150.0,272.0,6.2,18.0,301.8,0.73,2.8,,,,0.29,0.02,1.4,1.0,100.0,Tunggal,Kacang,KZGPI-1990
321,654,CR041,Koro benguk. biji. kering,15.0,332,24.0,3.0,55.0,5.6,3.0,30.0,200.0,2.0,42.0,389.2,1.25,8.7,,,70.0,0.3,0.12,1.7,,95.0,Tunggal,Kacang,DABM-1964
322,655,CR042,Koro kerupuk. biji. segar,67.2,125,8.3,0.7,22.1,2.2,1.7,17.0,12.0,2.7,16.0,150.3,0.48,3.4,,,80.0,0.11,0.04,1.1,31.0,68.0,Tunggal,Kacang,DABM-1964
323,657,CR043,Koro loke. biji. segar,88.6,33,2.7,0.2,7.9,3.5,0.6,60.0,40.0,2.0,2.0,38.6,0.09,0.4,,,40.0,0.1,,0.2,,95.0,Tunggal,Kacang,DABM-1964
324,658,CR044,Koro roay. kering,13.0,344,12.5,2.1,69.4,7.5,3.0,70.0,103.0,4.4,18.0,294.3,0.72,2.7,,,28.0,0.11,0.21,1.4,1.0,100.0,Tunggal,Kacang,KZGPI-1990
325,659,CR045,Koro wedus. biji. kering,11.8,338,22.2,1.5,61.0,5.8,3.5,88.0,395.0,3.5,43.0,403.8,1.3,9.1,,,,0.62,0.12,1.8,,100.0,Tunggal,Kacang,DABM-1964
326,660,DR116,Koro wedus. polong,88.0,46,3.0,0.3,7.9,3.3,0.8,56.0,47.0,1.1,2.0,249.3,0.09,0.4,,66.0,870.0,0.09,0.09,0.5,17.0,70.0,Tunggal,Sayur,DABM-1964
327,661,DP039,Kotiu hinela tawang nggole,88.4,46,2.2,1.5,6.0,3.8,1.9,64.0,44.0,,316.0,103.0,1.6,0.8,,75.0,,0.3,,9.7,7.0,100.0,Olahan,Sayur,KZGMI-2001
328,666,DR118,Kucai muda (Lokio). segar,86.0,42,3.8,0.6,7.8,4.9,1.8,76.0,91.0,2.5,22.0,449.1,0.11,0.5,,2.744,500.0,0.11,0.2,1.8,59.0,100.0,Tunggal,Sayur,DABM-1964
329,667,DR117,Kucai. segar,86.3,45,2.2,0.3,10.3,4.8,0.9,52.0,50.0,1.1,21.0,439.5,0.11,0.5,,2.685,40.0,0.11,0.2,1.8,17.0,52.0,Tunggal,Sayur,DABM-1964
330,680,BP047,Kue putu singkong,44.2,217,1.2,0.5,53.2,2.4,0.9,48.0,68.0,1.5,3.0,305.0,,,,,,0.1,0.1,0.8,,100.0,Olahan,Umbi,KZGMI-2001
331,804,BP053,Oyek,12.6,351,0.9,0.9,84.9,4.3,0.7,60.0,36.0,2.1,5.0,229.0,0.1,0.5,,,,0.02,0.02,0.5,0.2,100.0,Olahan,Umbi,BKP
332,806,DP043,Paku hinela wulelenggapaya,83.4,77,3.5,4.6,5.4,3.6,3.1,63.0,85.0,,469.0,37.0,0.3,0.7,,55.0,,0.8,0.1,0.2,4.0,100.0,Olahan,Sayur,KZGMI-2001
333,807,NR024,Pala. biji. kering,14.3,518,7.5,36.4,40.1,3.5,1.7,120.0,240.0,4.6,2.0,78.7,0.94,2.0,,7.0,,0.2,0.02,0.5,,95.0,Tunggal,Bumbu,DABM-1964
334,810,BP054,Papeda,84.8,61,0.2,0.1,14.9,0.5,0.1,3.0,1.0,0.2,4.0,20.0,0.1,0.1,,,,0.06,,,,100.0,Olahan,Umbi,KZGMI-2001
335,812,DP015,Paria putih. kukus,95.0,16,0.8,0.2,3.4,1.2,0.6,16.0,33.0,0.5,4.0,236.0,,0.7,,187.0,65.0,0.15,0.04,0.3,35.0,100.0,Olahan,Sayur,KZGPI-1990
336,813,DR131,Paria putih. segar,94.4,19,1.0,0.4,3.6,1.3,0.6,31.0,65.0,0.9,5.0,277.7,0.03,0.8,,197.0,80.0,0.18,0.04,0.4,58.0,80.0,Tunggal,Sayur,KZGPI-1990
337,815,DP044,Pelecing kangkung,83.8,75,2.5,2.8,10.0,5.4,0.9,36.0,3.0,2.1,408.0,381.0,0.1,0.4,,870.0,,0.7,,0.2,12.0,100.0,Olahan,Sayur,KZGMI-2001
338,826,DR132,Pepare ular. segar,95.1,19,0.6,0.1,3.9,1.0,0.3,20.0,10.0,0.4,130.0,30.0,0.1,0.1,,69.0,,0.1,0.1,0.1,9.0,97.0,Tunggal,Sayur,KZGMI-2001
339,827,DR133,Pepaya muda. segar,92.3,29,2.1,0.1,4.9,2.1,0.6,50.0,16.0,0.4,22.0,211.2,0.01,,,,50.0,0.02,0.03,0.3,19.0,65.0,Tunggal,Sayur,DABM-1964
340,828,ER073,Pepaya. segar,86.7,46,0.5,12.0,12.2,1.6,0.6,23.0,12.0,1.7,4.0,221.0,0.02,0.3,,1.038,365.0,0.04,0.06,0.4,78.0,75.0,Tunggal,Buah,DABM-1964
341,830,DR134,Petai. segar,77.2,92,5.4,1.1,15.2,2.0,1.1,14.0,170.0,1.6,55.0,221.0,0.2,0.8,,114.0,,0.8,0.1,6.1,34.0,36.0,Tunggal,Sayur,KZGMI-2001
342,834,NP008,Petis udang pasta,39.0,220,15.0,0.9,38.0,2.3,7.1,37.0,36.0,2.8,7.981,307.9,0.5,1.3,,,,0.01,0.13,1.7,,100.0,Olahan,Bumbu,DABM-1964
343,837,ER074,Pisang ambon. segar,72.9,108,1.0,0.8,24.3,1.9,1.0,20.0,30.0,0.2,10.0,,0.2,0.2,,37.0,,0.05,0.11,0.1,9.0,75.0,Tunggal,Buah,KZGMI-2001
344,838,ER075,Pisang angleng (pisang ampyang). segar,80.3,68,1.3,0.2,17.2,0.8,1.0,10.0,26.0,0.6,23.0,215.7,0.04,0.0,,9.0,76.0,0.08,0.05,2.5,6.0,75.0,Tunggal,Buah,DABM-1964
345,839,ER076,Pisang ayam. segar,71.2,120,1.1,0.2,26.8,4.1,0.7,20.0,61.0,0.4,6.0,392.0,0.1,0.3,,24.0,,0.1,0.02,1.0,26.0,75.0,Tunggal,Buah,KZGMI-2001
346,840,ER077,Pisang gapi. segar,66.3,127,2.1,0.3,31.1,11.7,1.0,,40.0,0.3,40.0,392.0,,0.3,,16.0,,0.18,0.02,0.3,13.0,75.0,Tunggal,Buah,KZGMI-2001
347,841,ER078,Pisang goroho. segar,69.4,115,1.9,0.2,27.9,4.6,1.0,,30.0,0.2,36.0,359.0,,0.3,,15.0,,0.15,0.02,1.1,10.0,75.0,Tunggal,Buah,KZGMI-2001
348,842,ER079,Pisang hijau. segar,68.9,117,2.0,0.3,28.9,0.4,1.1,,37.0,0.9,31.0,529.4,0.28,0.6,,48.0,,0.13,0.06,,13.0,72.0,Tunggal,Buah,KZGPI-1990
349,843,ER080,Pisang kayu. segar,74.4,100,1.4,0.5,23.6,2.6,0.6,15.0,,0.1,1.0,493.0,0.08,0.3,,3.0,,0.1,,0.6,11.0,75.0,Tunggal,Buah,KZGMI-2001
350,844,ER081,Pisang kepok. segar,71.9,109,0.8,0.5,26.3,5.7,1.0,10.0,30.0,0.5,10.0,300.0,0.1,0.2,,,,0.1,,0.1,9.0,75.0,Tunggal,Buah,KZGMI-2001
351,845,ER082,Pisang ketip. segar,63.4,145,1.1,0.3,34.5,6.6,0.7,5.0,54.0,0.1,4.0,726.0,0.15,0.5,,3.0,,0.13,0.02,0.8,95.0,75.0,Tunggal,Buah,KZGMI-2001
352,846,ER083,Pisang kidang. segar,75.4,96,1.0,0.2,22.5,0.6,0.9,87.0,173.0,0.6,6.0,418.8,0.22,0.5,,38.0,58.0,0.04,0.1,0.9,2.0,70.0,Tunggal,Buah,KZGPI-1990
353,847,ER084,Pisang lampung. segar,72.1,99,1.3,0.2,25.6,4.3,0.8,10.0,19.0,0.9,28.0,475.0,0.25,0.5,,43.0,618.0,0.07,0.12,1.0,4.0,75.0,Tunggal,Buah,DABM-1964
354,848,ER085,Pisang mas bali ampenan. segar,76.8,92,1.4,0.2,21.0,3.7,0.5,7.0,29.0,1.2,32.0,272.0,0.18,0.4,,14.0,,0.09,0.03,0.6,11.0,75.0,Tunggal,Buah,KZGMI-2001
355,849,ER086,Pisang mas bali kopang. segar,64.2,127,1.4,0.2,31.8,3.7,2.4,10.0,,0.1,43.0,616.0,0.12,0.4,,21.0,,0.21,0.05,0.9,17.0,75.0,Tunggal,Buah,KZGMI-2001
356,850,ER087,Pisang mas. segar,64.2,127,1.4,0.2,33.6,1.4,0.6,7.0,25.0,0.8,42.0,392.0,195.78,0.5,,17.0,79.0,0.09,0.08,4.5,2.0,85.0,Tunggal,Buah,DABM-1964
357,851,ER088,Pisang raja sereh. segar,69.3,108,1.3,0.3,28.2,0.7,1.0,16.0,38.0,0.1,31.0,522.6,0.27,0.6,,48.0,480.0,0.02,0.08,1.1,2.0,86.0,Tunggal,Buah,KZGPI-1990
358,852,ER089,Pisang raja. segar,65.8,120,1.2,0.2,31.8,5.3,1.0,10.0,22.0,0.8,35.0,582.2,0.31,0.7,,53.0,950.0,0.06,0.14,1.2,10.0,70.0,Tunggal,Buah,DABM-1964
359,853,ER090,Pisang rotan. segar,76.1,98,1.3,1.2,20.5,1.0,0.9,17.0,51.0,1.1,24.0,406.9,0.21,0.5,,37.0,697.0,0.01,0.1,0.9,2.0,56.0,Tunggal,Buah,KZGPI-1990
360,854,ER091,Pisang talas. segar,71.0,113,1.2,0.2,26.7,4.4,0.9,22.0,22.0,0.6,29.0,48.0,0.26,0.1,,159.0,,0.12,0.03,1.0,9.0,75.0,Tunggal,Buah,KZGMI-2001
361,856,ER093,Pisang ua. segar,67.8,128,0.8,0.5,30.2,8.1,0.7,12.0,28.0,0.7,33.0,382.0,0.2,0.3,,5.0,,0.09,0.01,1.2,4.0,75.0,Tunggal,Buah,KZGMI-2001
362,857,ER094,Pisang uli. segar,61.8,134,1.1,0.5,35.5,1.4,1.1,31.0,53.0,0.9,39.0,650.3,0.34,0.7,,59.0,113.0,0.11,0.16,1.4,3.0,77.0,Tunggal,Buah,KZGPI-1990
363,861,AP098,Pundut nasi,77.8,104,1.9,4.1,15.1,0.4,1.1,26.0,100.0,1.5,74.0,174.0,,,,,,,,,,100.0,Olahan,Serealia,KZGMI-2001
364,862,DP045,Purundawa,91.8,25,1.5,0.5,3.6,1.7,2.6,147.0,39.0,,239.0,201.0,0.1,0.6,,55.0,,0.1,0.1,11.6,2.0,100.0,Olahan,Sayur,KZGMI-2001
365,863,ER095,Purut. segar,81.1,76,4.1,1.1,15.2,1.7,1.4,30.0,76.0,0.6,10.0,285.2,,,,27.0,93.0,0.01,0.11,,,34.0,Tunggal,Buah,KZGPI-1990
366,865,DR137,Putri malu. segar,80.2,76,3.6,0.3,14.6,7.1,1.3,119.0,84.0,3.3,1.0,631.0,0.6,1.4,,4.762,,0.6,0.6,,6.0,,Tunggal,Sayur,KZGMI-2001
367,869,ER096,Rambutan binjai. segar,81.0,76,0.5,0.2,18.0,3.8,0.3,15.0,22.0,1.2,22.0,120.0,0.2,0.2,,,,0.19,0.01,0.4,13.0,40.0,Tunggal,Buah,KZGMI-2001
368,870,ER097,Rambutan. segar,80.5,69,0.9,0.1,18.1,0.8,0.4,16.0,16.0,0.5,16.0,104.2,0.17,0.1,,,,,0.07,0.5,58.0,40.0,Tunggal,Buah,DABM-1964
369,871,BP055,Rasbi (Beras Ubi),11.1,394,2.2,8.8,76.6,6.8,1.3,68.0,76.0,1.6,165.0,388.0,0.4,0.4,,,,0.02,0.3,1.2,0.2,100.0,Olahan,Umbi,BKP
370,872,BP056,Rasi (Beras Singkong),12.6,350,0.9,0.4,85.7,14.4,0.5,42.0,21.0,1.5,8.0,14.0,0.3,0.5,,,,0.02,0.02,0.4,0.2,100.0,Olahan,Umbi,BKP
371,877,DR138,Rebung. segar,93.3,25,0.8,0.1,5.3,9.7,0.5,3.0,5.0,0.5,3.0,206.0,0.1,0.4,,10.0,,0.2,0.07,0.5,,28.0,Tunggal,Sayur,KZGMI-2001
372,882,AP102,Renggi goreng,8.8,471,4.7,21.8,64.1,6.4,0.6,4.0,80.0,1.1,126.0,29.0,0.9,1.3,,,,0.53,0.05,8.2,,100.0,Olahan,Serealia,KZGMI-2001
373,884,DR139,Rimbang. segar,80.8,75,1.6,0.6,15.8,10.0,1.2,55.0,97.0,0.6,20.0,234.0,0.4,0.4,,51.0,,0.4,0.1,1.3,38.0,95.0,Tunggal,Sayur,KZGMI-2001
374,886,AP024,Roti putih,40.0,248,8.0,1.2,50.0,9.1,0.8,10.0,95.0,1.5,530.0,91.0,0.15,0.9,,,,0.1,0.29,2.4,,100.0,Olahan,Serealia,DABM-1964
375,890,DR140,Rumput laut,87.0,41,1.4,0.3,8.1,2.2,3.2,80.0,20.0,1.6,250.0,380.0,0.2,0.4,,1.958,,0.2,,0.1,7.0,100.0,Tunggal,Sayur,KZGMI-2001
376,897,CR051,Saga merah terkupas. mentah,8.1,449,30.6,25.5,31.9,3.5,3.9,1.062,161.0,14.2,66.0,,0.07,5.7,,9.0,107.0,0.09,1.5,10.9,7.0,100.0,Tunggal,Kacang,KZGPI-1990
377,898,BR018,Sagu aren. kering,11.9,355,0.6,1.1,85.6,0.3,0.8,91.0,167.0,2.2,2.0,200.0,,0.3,,,,0.04,0.1,0.5,,100.0,Tunggal,Umbi,KZGPI-1990
378,899,BR019,Sagu aren. segar,42.5,231,0.6,0.2,56.6,3.2,0.1,20.0,20.0,0.1,7.0,,0.1,0.1,,,,0.2,,,,100.0,Tunggal,Umbi,KZGMI-2001
379,901,BR020,Sagu kasbi segar,42.5,230,0.6,0.2,56.5,3.0,0.2,20.0,1.0,0.3,100.0,410.0,0.1,0.2,,,,0.1,,,,100.0,Tunggal,Umbi,KZGMI-2001
380,902,BP058,Sagu Lemak (Kue Sagon),4.3,452,2.8,14.8,76.8,1.1,0.7,15.0,39.0,1.1,182.0,52.7,0.04,0.8,,1.22,,0.32,0.04,0.1,0.2,100.0,Olahan,Umbi,BKP
381,903,BR021,Sagu lempeng,13.5,347,0.9,0.3,85.2,4.7,0.1,30.0,30.0,0.2,11.0,,0.1,0.1,,,,0.3,,,,100.0,Tunggal,Umbi,KZGMI-2001
382,905,BP060,Sagu Rendang,8.2,364,0.1,0.2,90.5,1.9,1.0,13.0,9.0,3.9,42.0,15.1,0.1,0.1,,,,0.02,0.6,0.8,0.2,100.0,Olahan,Umbi,BKP
383,909,ER099,Salak medan. segar,78.1,55,0.4,0.2,12.8,3.2,8.5,6.0,46.0,0.5,39.0,113.0,0.2,0.3,,4.0,,0.04,0.03,,58.0,93.0,Tunggal,Buah,KZGMI-2001
384,916,KP003,Santan (dengan air),80.0,122,2.0,10.0,7.6,1.4,0.4,25.0,30.0,0.1,9.0,162.5,0.16,0.4,,,,0.02,,0.5,2.0,100.0,Olahan,Lemak,DABM-1964
385,918,NP009,Saos tomat,69.5,110,2.0,0.4,24.5,0.9,3.6,12.0,18.0,0.8,890.0,129.7,0.18,0.3,,357.0,570.0,0.09,0.06,1.7,11.0,100.0,Olahan,Bumbu,DABM-1964
386,932,FP017,Sapi. hati. sosis (liverworst),56.6,274,16.0,22.0,3.0,2.3,2.4,20.0,150.0,4.0,654.0,158.8,0.22,2.2,1.201,,,0.2,0.96,4.0,,100.0,Olahan,Daging,DABM-1964
387,940,CP059,Saridele. bubuk,3.0,344,30.0,20.0,43.0,6.2,4.0,450.0,500.0,4.0,56.0,,2.99,4.0,,,2.0,0.7,0.16,2.0,10.0,100.0,Olahan,Kacang,DABM-1964
388,942,GP090,Sate Bandeng,47.1,283,12.1,16.8,20.9,2.0,3.1,118.0,186.0,1.2,543.0,199.0,0.2,0.9,,2.0,,0.02,0.02,,0.3,82.0,Olahan,Ikan dsb,BKP
389,945,DR142,Sawi putih / pecai. segar,96.6,9,1.0,0.1,1.7,0.8,0.6,56.0,42.0,1.1,5.0,193.1,0.05,0.1,,862.0,832.0,0.05,0.18,0.4,3.0,79.0,Tunggal,Sayur,KZGPI-1990
390,946,DR143,Sawi taiwan. segar,91.8,30,1.9,0.5,4.4,2.7,1.4,100.0,58.0,1.6,27.0,217.0,0.1,0.7,,1.34,,0.2,0.1,0.6,33.0,85.0,Tunggal,Sayur,KZGMI-2001
391,947,DR144,Sawi tanah. segar,94.9,19,1.3,0.2,2.9,2.2,1.0,92.0,45.0,1.2,17.0,145.0,0.1,0.4,,815.0,,0.2,0.1,0.1,36.0,85.0,Tunggal,Sayur,KZGMI-2001
392,948,DR141,Sawi. segar,92.2,28,2.3,0.3,4.0,2.5,1.2,220.0,38.0,2.9,22.0,436.5,0.12,0.2,,2.042,6.46,0.09,0.23,0.7,102.0,87.0,Tunggal,Sayur,DABM-1964
393,949,ER102,Sawo duren. segar,87.3,64,1.0,3.1,8.0,0.8,0.6,18.0,45.0,0.8,13.0,111.4,0.02,0.1,,,,0.01,0.02,0.1,1.0,64.0,Tunggal,Buah,KZGPI-1990
394,950,ER103,Sawo kecik. segar,73.8,111,0.9,2.3,21.6,1.0,1.4,20.0,185.0,0.7,28.0,117.8,0.04,0.1,,119.0,12.0,,0.04,1.5,19.0,83.0,Tunggal,Buah,KZGPI-1990
395,951,ER104,Sawo Manila. segar,75.5,92,0.5,1.1,22.4,9.5,0.5,25.0,12.0,1.0,26.0,110.2,0.04,0.1,,111.0,60.0,0.01,0.04,1.4,21.0,79.0,Tunggal,Buah,DABM-1964
396,953,DP048,Sayur bunga pepaya,83.4,49,1.7,0.3,9.8,2.7,2.1,220.0,220.0,1.3,90.0,350.0,0.1,0.1,,372.0,,,0.1,,,100.0,Olahan,Sayur,KZGMI-2001
397,954,DP049,Sayur garu,70.8,178,2.6,13.9,10.6,8.4,2.1,30.0,130.0,0.9,20.0,120.0,0.1,0.3,,,,0.2,0.1,,9.0,100.0,Olahan,Sayur,KZGMI-2001
398,955,DP050,Sayur kohu-kohu,72.8,133,7.3,6.6,11.2,1.2,2.1,40.0,120.0,0.2,20.0,50.0,0.1,0.3,,944.0,,0.2,0.2,,9.0,100.0,Olahan,Sayur,KZGMI-2001
399,956,CP058,Sayur lebui,83.9,64,2.1,0.6,12.5,5.7,0.9,21.0,2.0,1.0,124.0,146.0,0.2,0.7,,14.0,,,,0.1,,100.0,Olahan,Kacang,KZGMI-2001
400,957,DP051,Sayur lilin-terubuk,90.4,36,2.7,0.7,4.8,1.4,1.4,10.0,90.0,0.1,30.0,44.0,0.2,1.0,,,,0.3,0.2,,18.0,100.0,Olahan,Sayur,KZGMI-2001
401,960,DP054,Sayur umbut kelapa,85.5,67,5.2,2.9,5.1,1.4,1.3,48.0,81.0,3.2,313.0,108.0,0.2,1.1,,21.0,,0.2,,,5.0,100.0,Olahan,Sayur,KZGMI-2001
402,961,DP055,Sayur umbut rotan,87.6,57,5.4,2.6,3.1,1.6,1.3,184.0,135.0,1.2,256.0,81.0,0.2,0.9,,18.0,,0.2,,,6.0,100.0,Olahan,Sayur,KZGMI-2001
403,962,DR146,Selada air. segar,93.3,17,3.1,0.2,2.2,0.7,1.2,95.0,152.0,2.4,65.0,260.7,0.11,0.2,,1.23,3.727,0.09,0.14,0.7,56.0,70.0,Tunggal,Sayur,KZGPI-1990
404,963,DP016,Selada. rebus,93.5,19,2.7,0.2,2.9,0.7,0.7,83.0,74.0,1.4,24.0,160.7,0.05,0.3,,2.499,3.7,0.08,0.2,0.6,27.0,100.0,Olahan,Sayur,KZGPI-1990
405,964,DR145,Selada. segar,94.8,18,1.2,0.2,2.9,1.8,0.9,22.0,25.0,0.5,19.0,186.4,0.03,0.2,,1.526,540.0,0.04,0.13,0.4,8.0,69.0,Tunggal,Sayur,DABM-1964
406,965,DR147,Seledri. segar,93.0,23,1.0,0.1,4.6,2.0,1.3,50.0,40.0,1.0,64.0,258.8,0.08,0.4,,63.0,130.0,0.03,0.07,0.4,11.0,63.0,Tunggal,Sayur,DABM-1964
407,966,ER105,Semangka. segar,92.1,28,0.5,0.2,6.9,0.4,0.3,7.0,12.0,0.2,7.0,93.8,0.04,0.1,,315.0,590.0,0.05,0.05,0.3,6.0,46.0,Tunggal,Buah,DABM-1964
408,968,BR023,Sente. talas. segar,14.0,353,0.7,0.2,84.7,6.6,0.4,11.0,13.0,1.5,30.0,694.6,0.6,2.2,,41.0,,0.05,0.2,2.8,5.0,86.0,Tunggal,Umbi,DABM-1964
409,971,DP056,Shabu-shabu,87.1,88,3.2,8.0,0.8,0.9,0.9,217.0,48.0,2.9,514.0,,,,82.0,,2.0,0.2,,,,100.0,Olahan,Sayur,KZGMS-1993
410,973,ER106,Sirsak. segar,81.7,65,1.0,0.3,16.3,3.2,0.7,14.0,27.0,0.6,2.0,298.9,0.08,1.0,,8.0,10.0,0.07,0.08,0.7,20.0,68.0,Tunggal,Buah,DABM-1964
411,993,ER107,Sowa. segar,87.7,48,1.6,0.6,9.1,45.0,10.0,50.0,40.0,0.3,9.0,,0.1,1.5,,364.0,,0.15,0.23,0.2,4.0,,Tunggal,Buah,KZGMI-2001
412,997,FP085,Sukiyaki. masakan,81.0,75,5.6,0.4,12.2,0.2,0.8,109.0,59.0,0.5,426.0,,,,41.0,,1.2,0.37,,,,100.0,Olahan,Daging,KZGMS-1993
413,998,ER109,Sukun muda. segar,69.4,119,1.4,0.2,28.1,1.4,1.0,24.0,44.0,1.4,24.0,414.4,0.09,0.1,,28.0,4.896,0.17,0.17,3.7,52.0,84.0,Tunggal,Buah,KZGPI-1990
414,999,ER110,Sukun tua. segar,67.8,126,1.6,0.2,24.5,1.5,1.0,37.0,47.0,1.6,25.0,436.0,0.09,0.1,,30.0,2.0,0.18,0.17,3.9,58.0,88.0,Tunggal,Buah,KZGPI-1990
415,1005,CP060,Susu kedelai,87.0,41,3.5,2.5,5.0,0.2,2.0,50.0,45.0,0.7,128.0,287.9,0.12,1.0,,,200.0,0.08,0.05,0.7,2.0,100.0,Olahan,Kacang,DABM-1964
416,1013,BP009,Suweg. talas. kukus,75.5,93,1.5,0.1,21.9,0.9,1.0,50.0,58.0,0.8,6.0,350.3,0.1,0.1,,,283.0,0.09,,0.3,,100.0,Olahan,Umbi,KZGPI-1990
417,1014,BR024,Suweg. talas. segar,80.1,74,1.4,0.1,17.2,1.4,1.2,42.0,46.0,1.3,7.0,400.0,0.1,0.1,,24.0,254.0,0.04,,0.4,2.0,86.0,Tunggal,Umbi,KZGPI-1990
418,1016,CP062,Tahu goreng,77.3,115,9.7,8.5,2.5,0.1,2.0,229.0,200.0,4.1,7.0,68.2,0.09,1.3,,,,0.01,0.24,,,100.0,Olahan,Kacang,KZGPI-1990
419,1017,CP063,Tahu telur,41.8,328,12.6,19.9,24.6,0.4,1.1,492.0,238.0,4.9,755.0,,,,73.0,,1.86,0.42,,,,100.0,Olahan,Kacang,KZGMS-1993
420,1018,CP061,Tahu. mentah,82.2,80,10.9,4.7,0.8,0.1,1.4,223.0,183.0,3.4,2.0,50.6,0.19,0.8,,118.0,,0.01,0.08,0.1,,100.0,Olahan,Kacang,KZGPI-1990
421,1020,BP010,Talas bogor. kukus,69.2,120,1.5,0.3,28.2,0.7,0.8,31.0,63.0,0.7,11.0,498.0,0.2,0.6,,,,0.05,0.6,0.8,2.0,100.0,Olahan,Umbi,KZGPI-1990
422,1021,BR025,Talas bogor. segar,72.4,108,1.4,0.4,25.0,0.9,0.8,47.0,67.0,0.7,10.0,448.0,0.2,0.7,,,,0.06,0.07,1.0,4.0,85.0,Tunggal,Umbi,KZGPI-1990
423,1022,BR026,Talas pontianak. segar,60.0,163,2.3,0.5,36.4,0.7,0.9,45.0,80.0,1.7,14.0,323.1,0.3,1.0,,,,0.02,0.1,1.3,,83.0,Tunggal,Umbi,KZGPI-1990
424,1023,BR027,Talas viqueque. segar,70.6,115,1.8,0.5,25.9,8.6,1.2,50.0,220.0,0.9,1.0,70.0,0.3,1.0,,,,0.08,0.1,0.9,,85.0,Tunggal,Umbi,KZGMI-2001
425,1024,DR149,Taoge kacang kedelai. segar,81.0,76,9.0,2.6,6.4,0.7,1.0,50.0,65.0,1.0,5.0,212.4,0.26,0.7,,,110.0,0.23,0.19,1.2,15.0,100.0,Tunggal,Sayur,DABM-1964
426,1025,DR150,Taoge kacang tunggak. segar,88.0,40,5.0,0.2,5.8,2.6,1.0,57.0,88.0,1.0,2.0,226.8,0.07,0.5,,299.0,,0.07,0.08,0.8,15.0,90.0,Tunggal,Sayur,DABM-1964
427,1027,DP018,Taoge. seduh,91.9,28,3.0,0.8,4.0,1.0,0.3,52.0,73.0,0.5,18.0,58.3,0.19,0.4,,46.0,18.0,0.1,,0.9,2.0,87.0,Olahan,Sayur,KZGPI-1990
428,1028,DR148,Taoge. segar,90.4,34,3.7,1.2,4.3,1.1,0.4,166.0,74.0,0.8,19.0,93.3,0.16,0.4,,41.0,20.0,0.09,,1.1,5.0,100.0,Tunggal,Sayur,KZGPI-1990
429,1030,AP016,Tapai ketan hitam,50.2,166,3.8,1.0,34.4,0.3,0.6,8.0,106.0,1.6,5.0,12.0,,,,,,0.02,,,,100.0,Olahan,Serealia,KZGPI-1990
430,1031,AP018,Tapai ketan putih,58.9,172,3.0,0.5,37.5,0.6,0.1,6.0,35.0,0.5,1.0,,,,,,,0.04,,0.2,,100.0,Olahan,Serealia,KZGPI-1990
431,1033,CP065,Tauco,54.0,184,11.4,5.5,22.2,1.9,6.9,72.0,463.0,6.0,1.766,233.0,0.39,1.0,,,664.0,0.32,0.2,0.8,,100.0,Olahan,Kacang,KZGPI-1990
432,1036,CP068,Tauco cap meong,59.7,159,7.4,4.9,21.3,1.6,6.7,183.0,84.0,10.1,1.547,204.1,0.34,0.9,,,472.0,0.46,0.18,0.7,,100.0,Olahan,Kacang,KZGPI-1990
433,1038,DR151,Tebu terubuk (lilin). segar,91.0,30,4.6,0.4,3.0,0.8,1.0,40.0,80.0,2.0,699.0,,0.2,1.1,,12.0,,0.08,0.2,1.2,50.0,20.0,Tunggal,Sayur,DABM-1964
434,1040,MP016,Teh hijau daun kering,7.7,300,28.3,4.8,53.6,9.6,5.6,245.0,415.0,18.9,60.0,,0.5,,,8.4,,0.38,1.24,4.6,230.0,100.0,Olahan,Gula,FCTEA-1972
435,1041,MP017,Teh hitam daun kering,8.0,293,24.5,2.8,58.8,8.7,5.9,327.0,313.0,24.3,50.0,,,,,2.7,,0.07,0.8,7.6,9.0,100.0,Olahan,Gula,FCTEA-1972
436,1042,MP018,Teh melati daun kering,8.1,299,24.1,3.5,59.0,9.7,5.3,320.0,185.0,31.6,70.0,,0.53,,,8.4,,0.07,0.79,7.3,85.0,100.0,Olahan,Gula,FCTEA-1972
437,1043,DR153,Tekokak. kering,12.3,302,8.3,1.7,72.6,21.2,8.1,370.0,180.0,22.2,9.0,,,1.0,,187.0,750.0,0.4,0.17,5.1,,100.0,Tunggal,Sayur,DABM-1964
438,1044,DR152,Tekokak. segar,89.0,34,2.0,0.1,7.9,4.9,1.0,50.0,30.0,2.0,3.0,333.3,0.12,0.2,,23.0,750.0,0.08,0.05,0.9,8.0,95.0,Tunggal,Sayur,DABM-1964
439,1066,CP076,Tempe kedelai murni. goreng,36.8,350,24.5,26.6,10.4,4.2,1.8,202.0,296.0,4.9,22.0,626.7,0.8,2.5,,,78.0,0.24,0.6,3.3,,100.0,Olahan,Kacang,KZGPI-1990
440,1067,CP077,Tempe kedelai murni. mentah,55.3,201,20.8,8.8,13.5,1.4,1.6,155.0,326.0,4.0,9.0,234.0,0.57,1.7,,,,0.19,0.59,4.9,,100.0,Olahan,Kacang,KZGPI-1990
441,1072,CP082,Tempe pasar,68.3,150,14.0,7.7,9.1,1.4,0.9,517.0,202.0,1.5,7.0,165.9,0.4,1.2,,,,0.17,0.44,3.6,,100.0,Olahan,Kacang,KZGPI-1990
442,1073,CP083,Tempe pasar goreng,42.9,336,20.0,28.0,7.8,3.4,1.3,156.0,350.0,3.0,20.0,566.2,0.8,2.2,,,10.0,0.1,0.5,3.0,,100.0,Olahan,Kacang,KZGPI-1990
443,1074,NP010,Tempoya,70.1,110,1.7,1.3,21.9,2.6,5.0,190.0,45.0,2.9,597.0,486.3,,,,71.0,,0.3,0.04,1.1,,100.0,Olahan,Bumbu,KZGMI-2001
444,1075,BP064,Tepung Arrowroot,13.6,355,0.7,0.2,85.2,0.4,0.3,8.0,22.0,1.5,2.0,10.7,,0.1,,20.0,3.0,0.09,,,,100.0,Olahan,Umbi,DABM-1964
445,1076,AP004,Tepung beras. mentah,12.0,353,7.0,0.5,80.0,2.4,0.5,5.0,140.0,0.8,5.0,241.0,0.1,0.8,,,,0.12,0.1,1.2,,100.0,Olahan,Serealia,DABM-1964
446,1077,BP065,Tepung Ganyong,13.6,353,0.8,1.7,83.6,0.7,0.3,4.0,31.0,3.3,3.0,63.5,0.1,0.3,,,,0.02,,0.9,1.0,100.0,Olahan,Umbi,BKP
447,1078,BP066,Tepung Gaplek,13.0,345,2.4,0.4,83.1,6.7,1.1,18.0,95.0,1.5,6.0,55.0,0.4,1.2,,1.0,,0.3,0.2,0.1,0.2,100.0,Olahan,Umbi,BKP
448,1079,CP084,Tepung hunkwe (pati kacang ijo),10.0,364,4.5,1.0,83.5,16.1,1.0,50.0,100.0,1.0,15.0,,0.93,2.7,,,,,0.23,2.2,,100.0,Olahan,Kacang,DABM-1964
449,1080,AP013,Tepung jagung putih,12.0,355,9.2,3.9,73.7,7.2,1.2,10.0,256.0,2.4,11.0,24.4,0.23,1.7,,,,0.38,0.02,0.3,,100.0,Olahan,Serealia,DABM-1964
450,1081,CP085,Tepung Jalejo,10.0,388,19.0,7.5,61.2,5.8,2.3,101.0,663.0,2.0,3.0,712.0,0.6,1.9,,1.0,0.1,0.02,0.7,1.6,9.0,100.0,Olahan,Kacang,BKP
451,1082,CP086,Tepung kacang kedelai,9.0,347,35.9,20.6,29.9,5.8,4.0,195.0,544.0,8.4,52.0,,,2.6,,,140.0,0.77,0.32,2.1,,100.0,Olahan,Kacang,DABM-1964
452,1083,BP067,Tepung kentang. kering,13.0,347,0.3,0.1,85.6,0.4,1.0,20.0,30.0,0.5,51.0,156.3,0.2,0.5,,,,0.04,,0.4,,100.0,Olahan,Umbi,DABM-1964
453,1084,BP068,Tepung Mocaf,11.9,350,1.2,0.6,85.0,6.0,1.3,60.0,64.0,15.8,8.0,403.0,0.1,0.6,,,,0.02,0.02,0.7,2.0,100.0,Olahan,Umbi,BKP
454,1085,EP014,Tepung Pisang,13.8,338,2.9,0.4,80.6,5.3,2.1,23.0,62.0,4.0,18.0,734.0,0.1,0.5,,13.0,1.0,0.02,0.02,1.0,2.0,100.0,Olahan,Buah,BKP
455,1086,BP069,Tepung Sente,15.3,326,4.0,0.4,76.7,8.5,3.6,41.0,141.0,3.5,14.0,,0.4,1.4,,,,0.02,0.2,7.7,0.2,100.0,Olahan,Umbi,BKP
456,1087,BP070,Tepung singkong/ Tapioka,9.1,363,1.1,0.5,88.2,0.9,1.1,84.0,125.0,1.0,1.0,7.1,,0.1,,,,0.04,,0.4,,100.0,Olahan,Umbi,DABM-1964
457,1088,EP015,Tepung Sukun,10.1,353,2.9,0.5,84.4,3.7,2.1,100.0,85.0,4.6,9.0,,0.1,0.6,,,,0.4,0.02,0.1,3.0,100.0,Olahan,Buah,BKP
458,1089,BP071,Tepung Tales Beneng,12.2,332,5.7,0.6,76.1,12.2,5.5,59.0,302.0,10.7,7.0,,0.8,6.2,,0.2,,0.02,0.1,0.3,0.2,100.0,Olahan,Umbi,BKP
459,1090,AP025,Tepung terigu,11.8,333,9.0,1.0,77.2,0.3,1.0,22.0,150.0,6.3,2.0,,0.02,2.8,,,,0.35,0.47,1.0,,100.0,Olahan,Serealia,KZGPI-1990
460,1091,BP072,Tepung Ubi Ungu,9.4,354,2.8,0.6,84.4,12.9,2.8,89.0,125.0,3.9,42.0,940.0,0.8,0.6,,,,0.4,0.02,,0.2,100.0,Olahan,Umbi,BKP
461,1092,NP011,Terasi,33.8,155,22.3,2.9,9.9,2.7,31.1,3.812,726.0,78.5,1.664,821.4,0.99,2.4,,,,0.24,,3.3,,100.0,Olahan,Bumbu,KZGPI-1990
462,1093,NP012,Terasi dobo,58.4,191,33.1,3.6,6.6,1.6,11.5,2.25,1.13,22.9,650.0,,2.9,5.0,,,,3.74,0.22,2.1,,100.0,Olahan,Bumbu,KZGMI-2001
463,1094,NP013,Terasi merah,40.0,174,30.0,3.5,5.6,2.2,20.4,100.0,150.0,3.1,7.85,302.8,0.49,1.2,,,,,0.12,1.7,,100.0,Olahan,Bumbu,DABM-1964
464,1097,DR155,Terong asam. segar,90.5,37,2.0,0.4,6.3,3.2,0.8,13.0,59.0,1.5,3.0,155.0,0.3,0.3,,97.0,,0.2,0.1,0.8,4.0,,Tunggal,Sayur,KZGMI-2001
465,1098,DR158,Terong hintalo. segar,89.2,45,1.9,0.8,7.5,5.1,0.6,19.0,268.0,1.0,167.0,142.0,0.6,0.2,,552.0,,0.2,0.4,,4.0,,Tunggal,Sayur,KZGMI-2001
466,1099,DR154,Terong. segar,92.7,28,1.1,0.2,5.5,2.1,0.5,15.0,37.0,0.4,9.0,187.0,0.1,0.1,,46.0,30.0,0.04,0.03,0.5,5.0,100.0,Tunggal,Sayur,DABM-1964
467,1101,DR157,Terung bengkulu. segar,86.6,52,1.1,0.4,11.2,3.2,0.8,19.0,39.0,1.1,14.0,,0.16,1.0,,85.0,600.0,0.23,0.04,0.0,6.0,100.0,Tunggal,Sayur,KZGPI-1990
468,1102,DR159,Terung panjang,91.8,25,2.1,0.1,5.3,0.5,0.7,38.0,24.0,0.7,9.0,53.7,0.09,0.2,,83.0,24.0,0.15,0.06,0.7,8.0,100.0,Tunggal,Sayur,KZGPI-1990
469,1103,DP019,Terung panjang. kukus,92.7,23,1.8,0.1,4.9,0.4,0.5,40.0,13.0,0.5,9.0,57.0,67.1,0.2,,99.0,20.0,,0.07,0.7,1.0,100.0,Olahan,Sayur,KZGPI-1990
470,1105,DP058,Tinira ninahu nggaluku,91.8,33,1.2,1.3,4.1,3.1,1.5,35.0,35.0,,161.0,119.0,0.2,0.7,,6.0,,0.3,,3.5,10.0,100.0,Olahan,Sayur,KZGMI-2001
471,1108,BP073,Tiwul,11.2,353,2.4,1.1,83.4,6.5,1.6,55.0,95.0,4.7,5.0,670.0,0.2,0.8,,,,0.02,0.02,0.1,3.0,100.0,Olahan,Umbi,BKP
472,1109,BP074,Tiwul Instan,9.1,395,3.2,8.5,76.5,4.2,2.7,81.0,81.0,5.8,377.0,469.0,2.1,1.2,,,,0.4,0.2,0.2,4.0,100.0,Olahan,Umbi,BKP
473,1111,DR162,Tomat muda. segar,93.0,24,2.0,0.7,3.3,1.8,2.0,5.0,27.0,0.5,10.0,210.0,0.07,0.2,,384.0,320.0,0.07,0.04,0.7,30.0,95.0,Tunggal,Sayur,DABM-1964
474,1112,DR160,Tomat. air (sari). segar,94.0,20,1.0,0.2,3.5,0.4,1.3,7.0,15.0,0.4,10.0,225.2,0.06,0.1,,266.0,600.0,0.05,0.03,0.7,10.0,100.0,Tunggal,Sayur,DABM-1964
475,1116,BP075,Ubi Cilembu,52.7,186,1.9,0.2,44.3,3.4,0.9,37.0,51.0,0.6,62.0,61.9,0.1,0.2,,26.0,,0.02,0.2,,0.3,90.0,Olahan,Umbi,BKP
476,1117,BR029,Ubi jalar manis. segar,78.4,83,1.5,0.2,18.8,0.6,1.1,27.0,162.0,2.1,52.0,320.7,0.1,0.3,,,,0.02,,0.4,,85.0,Tunggal,Umbi,KZGPI-1990
477,1118,BR030,Ubi jalar merah. segar,61.9,151,1.6,0.3,35.4,0.7,0.6,29.0,74.0,0.7,92.0,565.6,0.3,0.5,,,1.208,0.13,0.08,0.7,11.0,86.0,Tunggal,Umbi,KZGPI-1990
478,1119,BR031,Ubi jalar putih. segar,77.8,88,0.4,0.4,20.6,4.0,0.8,30.0,10.0,0.5,2.0,4.0,0.1,0.2,,13.0,264.0,0.25,0.06,0.5,36.0,86.0,Tunggal,Umbi,KZGMI-2001
479,1120,BR032,Ubi jalar tinta/ kemayung,72.5,108,0.5,0.4,25.6,4.2,1.0,30.0,40.0,0.5,1.0,1.0,0.1,0.2,,13.0,,0.09,0.06,0.6,24.0,85.0,Tunggal,Umbi,KZGMI-2001
480,1121,BP012,Ubi jalar tinta/ kemayung kukus,58.5,165,0.9,0.2,39.8,1.1,0.6,20.0,23.0,0.8,1.0,0.9,0.1,0.2,,,,0.02,0.1,0.5,,100.0,Olahan,Umbi,KZGPI-1990
481,1122,BP011,Ubi jalar. kuning. kukus,74.2,100,0.7,0.3,23.8,1.0,1.0,44.0,46.0,0.4,3.0,0.8,0.1,0.2,,819.0,4.427,,0.1,0.6,16.0,100.0,Olahan,Umbi,KZGPI-1990
482,1123,BR028,Ubi jalar. kuning. segar,72.6,119,0.5,0.4,25.1,4.2,1.0,30.0,40.0,0.4,3.0,1.0,0.1,0.2,,794.0,4.948,0.06,0.07,0.7,,85.0,Tunggal,Umbi,KZGMI-2001
483,1130,FR034,Ulat sagu segar,65.9,241,5.8,21.6,5.8,2.8,0.9,20.0,70.0,0.5,210.0,210.0,1.0,7.7,,,,0.17,1.45,0.1,,100.0,Tunggal,Daging,KZGMI-2001
484,1131,FP020,Ulat sagu. panggang,41.3,380,11.9,30.3,14.9,4.8,1.6,30.0,120.0,1.5,260.0,550.0,3.1,14.2,,,,0.5,2.5,0.1,,100.0,Olahan,Daging,KZGMI-2001
485,1133,BR033,Umbi Uwi. segar,69.7,120,2.8,0.5,82.3,2.6,0.9,9.0,42.0,1.3,412.0,412.0,0.3,0.6,,,,0.02,0.5,0.2,4.0,86.0,Tunggal,Umbi,BKP
486,1134,DR164,Umbut kelapa. segar,89.3,39,2.0,0.2,7.2,2.5,1.3,57.0,49.0,,4.0,447.0,0.2,1.4,,16.0,,0.1,0.1,,8.0,,Tunggal,Sayur,KZGMI-2001
487,1135,DR165,Umbut rotan,90.5,34,2.4,0.3,5.5,2.2,1.3,89.0,79.0,1.3,8.0,552.0,0.2,1.9,,14.0,,0.2,,,9.0,,Tunggal,Sayur,KZGMI-2001
488,1138,DP060,Waluh balamak,89.4,45,0.8,0.9,8.1,7.9,1.0,25.0,25.0,0.5,61.0,15.0,,0.2,,1.241,,0.2,,0.1,2.0,100.0,Olahan,Sayur,KZGMI-2001
489,1141,CR052,Wijen. mentah,5.8,568,19.3,51.1,18.1,3.6,5.8,1.125,614.0,9.5,18.0,303.7,4.16,7.9,,15.0,,0.93,0.2,5.7,,100.0,Tunggal,Kacang,DABM-1964
490,1143,DP061,Woku ubi,73.0,143,3.1,7.8,15.0,7.0,1.1,195.0,91.0,2.8,353.0,256.0,0.3,1.0,,1.519,,0.1,,,15.0,100.0,Olahan,Sayur,KZGMI-2001
491,1144,DP021,Wortel. kukus,89.5,37,1.0,0.6,8.3,1.1,0.6,44.0,30.0,0.6,43.0,122.5,0.11,0.3,,3.994,7.15,0.02,0.03,0.8,14.0,100.0,Olahan,Sayur,KZGPI-1990
492,1145,DP020,Wortel. rebus,92.1,28,0.7,0.5,6.3,0.8,0.4,46.0,28.0,0.6,41.0,117.3,0.1,0.2,,3.824,5.396,0.01,0.03,0.7,12.0,100.0,Olahan,Sayur,KZGPI-1990
493,1146,DR166,Wortel. segar,89.9,36,1.0,0.6,7.9,1.0,0.6,45.0,74.0,1.0,70.0,245.0,0.06,0.3,,3.784,7.125,0.04,0.04,1.0,18.0,80.0,Tunggal,Sayur,KZGPI-1990
